Participant_ID,EffectiveDate,TerminationDate,UserId,User Status Description,CreatedDate,HireDate,Organization_ID,ParticipantStatusId,ParticpantStatusDescription,ERName,EmployerOrganizationID,ParticipantName,Participant Last Name,Participant First name,SSN,userStatusID,DOB,ReimbursementMethod,EmploymentStatus,EmploymentStatusID,No: of participants,DivisionName,Bankname,RoutingNo,AccountType,AccountNumber,UserBank_ID,ReimbursementMethod_ID,ByDivision
22543,3/23/2023 12:00:00 AM,,22557,Active,3/23/2023 11:11:55 AM,,1102,1,Active - Full Time,Granite Advisory Services P.C.,1102,"HEPLER,LAURIE",HEPLER,LAURIE,227152388,1,,N/A,Employed - Full Time,1,1,N/A,,,,,,,False
22546,3/23/2023 12:00:00 AM,,22560,Inactive,3/23/2023 11:11:58 AM,,1102,2,Active - Part Time,Granite Advisory Services P.C.,1102,"HUDSON,KRISTINA",HUDSON,KRISTINA,402250029,2,,N/A,Terminated,9,1,N/A,,,,,,,False
22549,3/23/2023 12:00:00 AM,,22563,Active,3/23/2023 11:12:01 AM,,1102,1,Active - Full Time,Granite Advisory Services P.C.,1102,"HUSSMANN,NATALIE",HUSSMANN,NATALIE,495117817,1,,N/A,Employed - Full Time,1,1,N/A,,,,,,,False
22551,3/23/2023 12:00:00 AM,,22565,Active,3/23/2023 11:12:04 AM,,1102,1,Active - Full Time,Granite Advisory Services P.C.,1102,"INSLEY,RICHARD",INSLEY,RICHARD,215232884,1,,N/A,Employed - Full Time,1,1,N/A,,,,,,,False
22555,3/23/2023 12:00:00 AM,,22569,Active,3/23/2023 11:12:08 AM,,1102,1,Active - Full Time,Granite Advisory Services P.C.,1102,"JACKSON,LINDA",JACKSON,LINDA,230158722,1,,N/A,Employed - Full Time,1,1,N/A,,,,,,,False
22558,3/23/2023 12:00:00 AM,,22572,Active,3/23/2023 11:12:11 AM,,1102,1,Active - Full Time,Granite Advisory Services P.C.,1102,"JENKINS,MONICA",JENKINS,MONICA,229432835,1,,N/A,Employed - Full Time,1,1,N/A,,,,,,,False
22561,3/23/2023 12:00:00 AM,,22575,Active,3/23/2023 11:12:14 AM,,1102,1,Active - Full Time,Granite Advisory Services P.C.,1102,"JOHNSON,DIAMOND",JOHNSON,DIAMOND,228730960,1,,N/A,Employed - Full Time,1,1,N/A,,,,,,,False
22564,3/23/2023 12:00:00 AM,,22578,Active,3/23/2023 11:12:17 AM,,1102,1,Active - Full Time,Granite Advisory Services P.C.,1102,"JONES,NAKIA",JONES,NAKIA,241790844,1,,N/A,Employed - Full Time,1,1,N/A,,,,,,,False
22567,3/23/2023 12:00:00 AM,,22581,Active,3/23/2023 11:12:20 AM,,1102,1,Active - Full Time,Granite Advisory Services P.C.,1102,"JONES JR,GEORGE",JONES JR,GEORGE,218177576,1,,N/A,Employed - Full Time,1,1,N/A,,,,,,,False
22570,3/23/2023 12:00:00 AM,,22584,Active,3/23/2023 11:12:24 AM,,1102,1,Active - Full Time,Granite Advisory Services P.C.,1102,"JUNIUS,ASHLEY",JUNIUS,ASHLEY,227499142,1,,N/A,Employed - Full Time,1,1,N/A,,,,,,,False
22571,3/23/2023 12:00:00 AM,,22585,Active,3/23/2023 11:12:27 AM,,1102,1,Active - Full Time,Granite Advisory Services P.C.,1102,"KAMARA,AISHA",KAMARA,AISHA,137962677,1,,N/A,Employed - Full Time,1,1,N/A,,,,,,,False
22572,3/23/2023 12:00:00 AM,,22586,Active,3/23/2023 11:12:30 AM,,1102,1,Active - Full Time,Granite Advisory Services P.C.,1102,"KAMMERLING,BETHANNY",KAMMERLING,BETHANNY,231434125,1,,N/A,Employed - Full Time,1,1,N/A,,,,,,,False
22573,3/23/2023 12:00:00 AM,,22587,Active,3/23/2023 11:12:33 AM,,1102,1,Active - Full Time,Granite Advisory Services P.C.,1102,"KELLER,ADAM",KELLER,ADAM,224417092,1,,N/A,Employed - Full Time,1,1,N/A,,,,,,,False
22574,3/23/2023 12:00:00 AM,,22588,Active,3/23/2023 11:12:37 AM,,1102,1,Active - Full Time,Granite Advisory Services P.C.,1102,"KINNEBERG,BRITNY",KINNEBERG,BRITNY,223636716,1,,N/A,Employed - Full Time,1,1,N/A,,,,,,,False
22575,3/23/2023 12:00:00 AM,,22589,Active,3/23/2023 11:12:40 AM,,1102,1,Active - Full Time,Granite Advisory Services P.C.,1102,"KONDEK,ALEXA",KONDEK,ALEXA,230799190,1,,N/A,Employed - Full Time,1,1,N/A,,,,,,,False
22576,3/23/2023 12:00:00 AM,,22590,Active,3/23/2023 11:12:43 AM,,1102,1,Active - Full Time,Granite Advisory Services P.C.,1102,"KONOPASEK,SETH",KONOPASEK,SETH,647208530,1,,N/A,Employed - Full Time,1,1,N/A,,,,,,,False
22577,3/23/2023 12:00:00 AM,,22591,Active,3/23/2023 11:12:45 AM,,1102,1,Active - Full Time,Granite Advisory Services P.C.,1102,"LABARR,PAUL",LABARR,PAUL,175449008,1,,N/A,Employed - Full Time,1,1,N/A,,,,,,,False
22578,3/23/2023 12:00:00 AM,,22592,Active,3/23/2023 11:12:48 AM,,1102,1,Active - Full Time,Granite Advisory Services P.C.,1102,"LAMISON JR,TYSOND",LAMISON JR,TYSOND,228733496,1,,N/A,Employed - Full Time,1,1,N/A,,,,,,,False
22579,3/23/2023 12:00:00 AM,,22593,Active,3/23/2023 11:12:52 AM,,1102,1,Active - Full Time,Granite Advisory Services P.C.,1102,"LANE,KIRSTEN",LANE,KIRSTEN,229732941,1,,N/A,Employed - Full Time,1,1,N/A,,,,,,,False
22580,3/23/2023 12:00:00 AM,9/11/2025 12:00:00 AM,22594,Active,3/23/2023 11:12:55 AM,,1102,1,Active - Full Time,Granite Advisory Services P.C.,1102,"LAWRENCE,HEATHER",LAWRENCE,HEATHER,224491302,1,,N/A,Terminated,9,1,N/A,,,,,,,False
22581,3/23/2023 12:00:00 AM,,22595,Active,3/23/2023 11:12:58 AM,,1102,1,Active - Full Time,Granite Advisory Services P.C.,1102,"LECKY,PHILLIP",LECKY,PHILLIP,066825851,1,,N/A,Employed - Full Time,1,1,N/A,,,,,,,False
22582,3/23/2023 12:00:00 AM,,22596,Active,3/23/2023 11:13:02 AM,,1102,1,Active - Full Time,Granite Advisory Services P.C.,1102,"LEE,LATRINA",LEE,LATRINA,226518973,1,,N/A,Employed - Full Time,1,1,N/A,,,,,,,False
22583,3/23/2023 12:00:00 AM,,22597,Active,3/23/2023 11:13:05 AM,,1102,1,Active - Full Time,Granite Advisory Services P.C.,1102,"LEE,REBECCA",LEE,REBECCA,223493705,1,,N/A,Employed - Full Time,1,1,N/A,,,,,,,False
22584,3/23/2023 12:00:00 AM,,22598,Active,3/23/2023 11:13:07 AM,,1102,1,Active - Full Time,Granite Advisory Services P.C.,1102,"LEE,TERRESE",LEE,TERRESE,579298174,1,,N/A,Employed - Full Time,1,1,N/A,,,,,,,False
22585,3/23/2023 12:00:00 AM,,22599,Active,3/23/2023 11:13:11 AM,,1102,1,Active - Full Time,Granite Advisory Services P.C.,1102,"LEITCH,CATHRYN",LEITCH,CATHRYN,533901667,1,,N/A,Employed - Full Time,1,1,N/A,,,,,,,False
22586,3/23/2023 12:00:00 AM,7/28/2025 12:00:00 AM,22600,Active,3/23/2023 11:13:12 AM,,1102,1,Active - Full Time,Granite Advisory Services P.C.,1102,"LEROY,JESSICA",LEROY,JESSICA,592572248,1,,N/A,Terminated,9,1,N/A,,,,,,,False
22587,3/23/2023 12:00:00 AM,,22601,Active,3/23/2023 11:13:16 AM,,1102,1,Active - Full Time,Granite Advisory Services P.C.,1102,"LETOURNEAU,DANA",LETOURNEAU,DANA,225359672,1,,N/A,Employed - Full Time,1,1,N/A,,,,,,,False
22588,3/23/2023 12:00:00 AM,,22602,Active,3/23/2023 11:13:20 AM,,1102,1,Active - Full Time,Granite Advisory Services P.C.,1102,"LEWIS,TERESA",LEWIS,TERESA,231966610,1,,N/A,Employed - Full Time,1,1,N/A,,,,,,,False
22589,3/23/2023 12:00:00 AM,,22603,Active,3/23/2023 11:13:24 AM,,1102,1,Active - Full Time,Granite Advisory Services P.C.,1102,"LINARES,ALEXIS",LINARES,ALEXIS,223814101,1,,N/A,Employed - Full Time,1,1,N/A,,,,,,,False
22590,3/23/2023 12:00:00 AM,,22604,Active,3/23/2023 11:13:28 AM,,1102,1,Active - Full Time,Granite Advisory Services P.C.,1102,"LOBO,ERWIN",LOBO,ERWIN,227819992,1,,N/A,Employed - Full Time,1,1,N/A,,,,,,,False
22591,3/23/2023 12:00:00 AM,,22605,Active,3/23/2023 11:13:31 AM,,1102,1,Active - Full Time,Granite Advisory Services P.C.,1102,"MACKIN,SHEILA",MACKIN,SHEILA,049743785,1,,N/A,Employed - Full Time,1,1,N/A,,,,,,,False
22592,3/23/2023 12:00:00 AM,,22606,Active,3/23/2023 11:13:35 AM,,1102,1,Active - Full Time,Granite Advisory Services P.C.,1102,"MANZANO,EVLLYN",MANZANO,EVLLYN,692075530,1,,N/A,Employed - Full Time,1,1,N/A,,,,,,,False
22593,3/23/2023 12:00:00 AM,,22607,Active,3/23/2023 11:13:39 AM,,1102,1,Active - Full Time,Granite Advisory Services P.C.,1102,"MARTIN,MELISSA",MARTIN,MELISSA,521799112,1,,N/A,Employed - Full Time,1,1,N/A,,,,,,,False
22594,3/23/2023 12:00:00 AM,,22608,Active,3/23/2023 11:13:42 AM,,1102,1,Active - Full Time,Granite Advisory Services P.C.,1102,"MARTIN,MIRACLE",MARTIN,MIRACLE,229490759,1,,N/A,Employed - Full Time,1,1,N/A,,,,,,,False
22595,3/23/2023 12:00:00 AM,10/22/2024 12:00:00 AM,22609,Inactive,3/23/2023 11:13:46 AM,,1102,2,Active - Part Time,Granite Advisory Services P.C.,1102,"MASON,BRITTANY",MASON,BRITTANY,238651985,2,,N/A,Terminated,9,1,N/A,,,,,,,False
22596,3/23/2023 12:00:00 AM,,22610,Active,3/23/2023 11:13:50 AM,,1102,1,Active - Full Time,Granite Advisory Services P.C.,1102,"MATTHEWS,CRAIG",MATTHEWS,CRAIG,339462631,1,,N/A,Employed - Full Time,1,1,N/A,,,,,,,False
22597,3/23/2023 12:00:00 AM,,22611,Active,3/23/2023 11:13:53 AM,,1102,1,Active - Full Time,Granite Advisory Services P.C.,1102,"MCCARGO,TALISHA",MCCARGO,TALISHA,227734081,1,,N/A,Employed - Full Time,1,1,N/A,,,,,,,False
22598,3/23/2023 12:00:00 AM,,22612,Active,3/23/2023 11:13:57 AM,,1102,1,Active - Full Time,Granite Advisory Services P.C.,1102,"MCCLERNON,JULIA",MCCLERNON,JULIA,157903165,1,,N/A,Employed - Full Time,1,1,N/A,,,,,,,False
22599,3/23/2023 12:00:00 AM,,22613,Active,3/23/2023 11:14:01 AM,,1102,1,Active - Full Time,Granite Advisory Services P.C.,1102,"MELNYK,CRYSTAL",MELNYK,CRYSTAL,224412899,1,,N/A,Employed - Full Time,1,1,N/A,,,,,,,False
22600,3/23/2023 12:00:00 AM,,22614,Active,3/23/2023 11:14:03 AM,,1102,1,Active - Full Time,Granite Advisory Services P.C.,1102,"MICHELLE,DANDRIDGE",MICHELLE,DANDRIDGE,230755854,1,,N/A,Employed - Full Time,1,1,N/A,,,,,,,False
22601,3/23/2023 12:00:00 AM,,22615,Active,3/23/2023 11:14:07 AM,,1102,1,Active - Full Time,Granite Advisory Services P.C.,1102,"MIXCO,FRANKLIN",MIXCO,FRANKLIN,804617625,1,,N/A,Employed - Full Time,1,1,N/A,,,,,,,False
22602,3/23/2023 12:00:00 AM,,22616,Active,3/23/2023 11:14:11 AM,,1102,1,Active - Full Time,Granite Advisory Services P.C.,1102,"MOORE,LYNDSEY",MOORE,LYNDSEY,227571558,1,,N/A,Employed - Full Time,1,1,N/A,,,,,,,False
22603,3/23/2023 12:00:00 AM,,22617,Active,3/23/2023 11:14:13 AM,,1102,1,Active - Full Time,Granite Advisory Services P.C.,1102,"MORRIS,JENNIE",MORRIS,JENNIE,229393463,1,,N/A,Employed - Full Time,1,1,N/A,,,,,,,False
22604,3/23/2023 12:00:00 AM,,22618,Active,3/23/2023 11:14:15 AM,,1102,1,Active - Full Time,Granite Advisory Services P.C.,1102,"MOYER,PETOLA",MOYER,PETOLA,229350589,1,,N/A,Employed - Full Time,1,1,N/A,,,,,,,False
22605,3/23/2023 12:00:00 AM,,22619,Active,3/23/2023 11:14:17 AM,,1102,1,Active - Full Time,Granite Advisory Services P.C.,1102,"MRIDHA,MUHAMMED",MRIDHA,MUHAMMED,106770822,1,,N/A,Employed - Full Time,1,1,N/A,,,,,,,False
22606,3/23/2023 12:00:00 AM,8/6/2024 12:00:00 AM,22620,Inactive,3/23/2023 11:14:18 AM,,1102,2,Active - Part Time,Granite Advisory Services P.C.,1102,"NEELY,MICHELLE",NEELY,MICHELLE,224417343,2,,N/A,Terminated,9,1,N/A,,,,,,,False
22607,3/23/2023 12:00:00 AM,,22621,Active,3/23/2023 11:14:19 AM,,1102,1,Active - Full Time,Granite Advisory Services P.C.,1102,"NELSON,SEAN",NELSON,SEAN,020728940,1,,N/A,Employed - Full Time,1,1,N/A,,,,,,,False
22608,3/23/2023 12:00:00 AM,,22622,Active,3/23/2023 11:14:21 AM,,1102,1,Active - Full Time,Granite Advisory Services P.C.,1102,"NEVILLE,ANDREW",NEVILLE,ANDREW,175729711,1,,N/A,Employed - Full Time,1,1,N/A,,,,,,,False
22609,3/23/2023 12:00:00 AM,,22623,Active,3/23/2023 11:14:23 AM,,1102,1,Active - Full Time,Granite Advisory Services P.C.,1102,"NEWBILL,MONICA",NEWBILL,MONICA,223336068,1,,N/A,Employed - Full Time,1,1,N/A,,,,,,,False
22610,3/23/2023 12:00:00 AM,,22624,Active,3/23/2023 11:14:25 AM,,1102,1,Active - Full Time,Granite Advisory Services P.C.,1102,"NIBLETT,STEPHEN",NIBLETT,STEPHEN,225412794,1,,N/A,Employed - Full Time,1,1,N/A,,,,,,,False
22611,3/23/2023 12:00:00 AM,,22625,Active,3/23/2023 11:14:26 AM,,1102,1,Active - Full Time,Granite Advisory Services P.C.,1102,"OOTON,BLISS",OOTON,BLISS,223550643,1,,N/A,Employed - Full Time,1,1,N/A,,,,,,,False
22612,3/23/2023 12:00:00 AM,,22626,Active,3/23/2023 11:14:27 AM,,1102,1,Active - Full Time,Granite Advisory Services P.C.,1102,"PARKE,AUDREY",PARKE,AUDREY,521432991,1,,N/A,Employed - Full Time,1,1,N/A,,,,,,,False
22613,3/23/2023 12:00:00 AM,,22627,Active,3/23/2023 11:14:29 AM,,1102,1,Active - Full Time,Granite Advisory Services P.C.,1102,"PAUL,RACHAEL",PAUL,RACHAEL,223737727,1,,N/A,Employed - Full Time,1,1,N/A,,,,,,,False
22614,3/23/2023 12:00:00 AM,9/15/2025 12:00:00 AM,22628,Active,3/23/2023 11:14:31 AM,,1102,1,Active - Full Time,Granite Advisory Services P.C.,1102,"PENN,JOSHUA",PENN,JOSHUA,226577860,1,,N/A,Terminated,9,1,N/A,,,,,,,False
22615,3/23/2023 12:00:00 AM,,22629,Active,3/23/2023 11:14:33 AM,,1102,1,Active - Full Time,Granite Advisory Services P.C.,1102,"PERKINS,JASMINE",PERKINS,JASMINE,226499329,1,,N/A,Employed - Full Time,1,1,N/A,,,,,,,False
22616,3/23/2023 12:00:00 AM,,22630,Active,3/23/2023 11:14:34 AM,,1102,1,Active - Full Time,Granite Advisory Services P.C.,1102,"RAMOS,JAVIER",RAMOS,JAVIER,576818017,1,,N/A,Employed - Full Time,1,1,N/A,,,,,,,False
22617,3/23/2023 12:00:00 AM,,22631,Active,3/23/2023 11:14:36 AM,,1102,1,Active - Full Time,Granite Advisory Services P.C.,1102,"RAMOS,JOUBURT",RAMOS,JOUBURT,614185807,1,,N/A,Employed - Full Time,1,1,N/A,,,,,,,False
22618,3/23/2023 12:00:00 AM,,22632,Active,3/23/2023 11:14:38 AM,,1102,1,Active - Full Time,Granite Advisory Services P.C.,1102,"REARDON,SHAUN",REARDON,SHAUN,069706053,1,,N/A,Employed - Full Time,1,1,N/A,,,,,,,False
22619,3/23/2023 12:00:00 AM,,22633,Active,3/23/2023 11:14:40 AM,,1102,1,Active - Full Time,Granite Advisory Services P.C.,1102,"REAVES,NOAH",REAVES,NOAH,231735380,1,,N/A,Employed - Full Time,1,1,N/A,,,,,,,False
22620,3/23/2023 12:00:00 AM,,22634,Active,3/23/2023 11:14:41 AM,,1102,1,Active - Full Time,Granite Advisory Services P.C.,1102,"RICHARDSON,DEMETARA",RICHARDSON,DEMETARA,226458855,1,,N/A,Employed - Full Time,1,1,N/A,,,,,,,False
22621,3/23/2023 12:00:00 AM,,22635,Active,3/23/2023 11:14:43 AM,,1102,1,Active - Full Time,Granite Advisory Services P.C.,1102,"RIFE,JOHN",RIFE,JOHN,229158488,1,,N/A,Employed - Full Time,1,1,N/A,,,,,,,False
22622,3/23/2023 12:00:00 AM,,22636,Active,3/23/2023 11:14:44 AM,,1102,1,Active - Full Time,Granite Advisory Services P.C.,1102,"ROBERTS,KIMBERLY",ROBERTS,KIMBERLY,063787812,1,,N/A,Employed - Full Time,1,1,N/A,,,,,,,False
22623,3/23/2023 12:00:00 AM,,22637,Active,3/23/2023 11:14:46 AM,,1102,1,Active - Full Time,Granite Advisory Services P.C.,1102,"RUPERT SR,SEAN",RUPERT SR,SEAN,250496037,1,,N/A,Employed - Full Time,1,1,N/A,,,,,,,False
22624,3/23/2023 12:00:00 AM,,22638,Active,3/23/2023 11:14:48 AM,,1102,1,Active - Full Time,Granite Advisory Services P.C.,1102,"RUSSELL,MAKAYLA",RUSSELL,MAKAYLA,229859929,1,,N/A,Employed - Full Time,1,1,N/A,,,,,,,False
22625,3/23/2023 12:00:00 AM,,22639,Active,3/23/2023 11:14:50 AM,,1102,1,Active - Full Time,Granite Advisory Services P.C.,1102,"RUSSELL,STACY",RUSSELL,STACY,229133809,1,,N/A,Employed - Full Time,1,1,N/A,,,,,,,False
22626,3/23/2023 12:00:00 AM,,22640,Active,3/23/2023 11:14:52 AM,,1102,1,Active - Full Time,Granite Advisory Services P.C.,1102,"SALINAS,NORA",SALINAS,NORA,641327822,1,,N/A,Employed - Full Time,1,1,N/A,,,,,,,False
22627,3/23/2023 12:00:00 AM,,22641,Active,3/23/2023 11:14:54 AM,,1102,1,Active - Full Time,Granite Advisory Services P.C.,1102,"SCHARF,JEFFREY",SCHARF,JEFFREY,115489307,1,,N/A,Employed - Full Time,1,1,N/A,,,,,,,False
22628,3/23/2023 12:00:00 AM,,22642,Active,3/23/2023 11:14:55 AM,,1102,1,Active - Full Time,Granite Advisory Services P.C.,1102,"SCHEETZ,MEGAN",SCHEETZ,MEGAN,179682877,1,,N/A,Employed - Full Time,1,1,N/A,,,,,,,False
22629,3/23/2023 12:00:00 AM,,22643,Active,3/23/2023 11:14:57 AM,,1102,1,Active - Full Time,Granite Advisory Services P.C.,1102,"SCOTT,NATASHA",SCOTT,NATASHA,227235490,1,,N/A,Employed - Full Time,1,1,N/A,,,,,,,False
22630,3/23/2023 12:00:00 AM,,22644,Active,3/23/2023 11:14:59 AM,,1102,1,Active - Full Time,Granite Advisory Services P.C.,1102,"SEEBO,BRITTANY",SEEBO,BRITTANY,230676968,1,,N/A,Employed - Full Time,1,1,N/A,,,,,,,False
22631,3/23/2023 12:00:00 AM,,22645,Active,3/23/2023 11:15:01 AM,,1102,1,Active - Full Time,Granite Advisory Services P.C.,1102,"SHELTON,JENNIFER",SHELTON,JENNIFER,224436347,1,,N/A,Employed - Full Time,1,1,N/A,,,,,,,False
22632,3/23/2023 12:00:00 AM,,22646,Active,3/23/2023 11:15:03 AM,,1102,1,Active - Full Time,Granite Advisory Services P.C.,1102,"SHISLER,VICTORIA",SHISLER,VICTORIA,275960276,1,,N/A,Employed - Full Time,1,1,N/A,,,,,,,False
22633,3/23/2023 12:00:00 AM,,22647,Active,3/23/2023 11:15:05 AM,,1102,1,Active - Full Time,Granite Advisory Services P.C.,1102,"SIMMONS,NATAHLI",SIMMONS,NATAHLI,600659040,1,,N/A,Employed - Full Time,1,1,N/A,,,,,,,False
22634,3/23/2023 12:00:00 AM,,22648,Active,3/23/2023 11:15:07 AM,,1102,1,Active - Full Time,Granite Advisory Services P.C.,1102,"SMITH,SHEENA",SMITH,SHEENA,223376029,1,,N/A,Employed - Full Time,1,1,N/A,,,,,,,False
22635,3/23/2023 12:00:00 AM,,22649,Active,3/23/2023 11:15:09 AM,,1102,1,Active - Full Time,Granite Advisory Services P.C.,1102,"SPAULDING,LAURA",SPAULDING,LAURA,230471631,1,,N/A,Employed - Full Time,1,1,N/A,,,,,,,False
22636,3/23/2023 12:00:00 AM,,22650,Active,3/23/2023 11:15:11 AM,,1102,1,Active - Full Time,Granite Advisory Services P.C.,1102,"SPENCER,SHEKINAH",SPENCER,SHEKINAH,225794636,1,,N/A,Employed - Full Time,1,1,N/A,,,,,,,False
22637,3/23/2023 12:00:00 AM,,22651,Active,3/23/2023 11:15:13 AM,,1102,1,Active - Full Time,Granite Advisory Services P.C.,1102,"STANTON,STEPHANIE",STANTON,STEPHANIE,223718424,1,,N/A,Employed - Full Time,1,1,N/A,,,,,,,False
22638,3/23/2023 12:00:00 AM,,22652,Active,3/23/2023 11:15:15 AM,,1102,1,Active - Full Time,Granite Advisory Services P.C.,1102,"STARUK,HENRY",STARUK,HENRY,415518228,1,,N/A,Employed - Full Time,1,1,N/A,,,,,,,False
22639,3/23/2023 12:00:00 AM,,22653,Active,3/23/2023 11:15:17 AM,,1102,1,Active - Full Time,Granite Advisory Services P.C.,1102,"STEWART,WILLIAM",STEWART,WILLIAM,458573026,1,,N/A,Employed - Full Time,1,1,N/A,,,,,,,False
22640,3/23/2023 12:00:00 AM,,22654,Active,3/23/2023 11:15:19 AM,,1102,1,Active - Full Time,Granite Advisory Services P.C.,1102,"TABER,JOHN",TABER,JOHN,224434498,1,,N/A,Employed - Full Time,1,1,N/A,,,,,,,False
22641,3/23/2023 12:00:00 AM,,22655,Active,3/23/2023 11:15:20 AM,,1102,1,Active - Full Time,Granite Advisory Services P.C.,1102,"TARPLEY,SOLANGELO",TARPLEY,SOLANGELO,226410792,1,,N/A,Employed - Full Time,1,1,N/A,,,,,,,False
22642,3/23/2023 12:00:00 AM,,22656,Active,3/23/2023 11:15:21 AM,,1102,1,Active - Full Time,Granite Advisory Services P.C.,1102,"TAYLOR,HUNTER",TAYLOR,HUNTER,656144621,1,,N/A,Employed - Full Time,1,1,N/A,,,,,,,False
22643,3/23/2023 12:00:00 AM,,22657,Active,3/23/2023 11:15:23 AM,,1102,1,Active - Full Time,Granite Advisory Services P.C.,1102,"TERRELL,MATTHEW",TERRELL,MATTHEW,231732719,1,,N/A,Employed - Full Time,1,1,N/A,,,,,,,False
22644,3/23/2023 12:00:00 AM,,22658,Active,3/23/2023 11:15:26 AM,,1102,1,Active - Full Time,Granite Advisory Services P.C.,1102,"TEVIS,AMANDA",TEVIS,AMANDA,231510099,1,,N/A,Employed - Full Time,1,1,N/A,,,,,,,False
22645,3/23/2023 12:00:00 AM,,22659,Active,3/23/2023 11:15:27 AM,,1102,1,Active - Full Time,Granite Advisory Services P.C.,1102,"THOMAS,NATALIE",THOMAS,NATALIE,229394129,1,,N/A,Employed - Full Time,1,1,N/A,,,,,,,False
22646,3/23/2023 12:00:00 AM,,22660,Active,3/23/2023 11:15:29 AM,,1102,1,Active - Full Time,Granite Advisory Services P.C.,1102,"TINSLEY,ANGELA",TINSLEY,ANGELA,225479756,1,,N/A,Employed - Full Time,1,1,N/A,,,,,,,False
22647,3/23/2023 12:00:00 AM,6/12/2025 12:00:00 AM,22661,Inactive,3/23/2023 11:15:31 AM,,1102,2,Active - Part Time,Granite Advisory Services P.C.,1102,"TURNER,ALECIA",TURNER,ALECIA,228479695,2,,N/A,Terminated,9,1,N/A,,,,,,,False
22648,3/23/2023 12:00:00 AM,,22662,Active,3/23/2023 11:15:34 AM,,1102,1,Active - Full Time,Granite Advisory Services P.C.,1102,"TURNER,CORVIN",TURNER,CORVIN,225398624,1,,N/A,Employed - Full Time,1,1,N/A,,,,,,,False
22649,3/23/2023 12:00:00 AM,,22663,Active,3/23/2023 11:15:36 AM,,1102,1,Active - Full Time,Granite Advisory Services P.C.,1102,"VALENZA,KIMBERLY",VALENZA,KIMBERLY,227459362,1,,N/A,Employed - Full Time,1,1,N/A,,,,,,,False
22650,3/23/2023 12:00:00 AM,2/20/2025 12:00:00 AM,22664,Inactive,3/23/2023 11:15:38 AM,,1102,2,Active - Part Time,Granite Advisory Services P.C.,1102,"VANN,BRANDON",VANN,BRANDON,219412650,2,,N/A,Terminated,9,1,N/A,,,,,,,False
22651,3/23/2023 12:00:00 AM,,22665,Active,3/23/2023 11:15:40 AM,,1102,1,Active - Full Time,Granite Advisory Services P.C.,1102,"VARGAS,ALEJANDRA",VARGAS,ALEJANDRA,612043581,1,,N/A,Employed - Full Time,1,1,N/A,,,,,,,False
22652,3/23/2023 12:00:00 AM,,22666,Active,3/23/2023 11:15:43 AM,,1102,1,Active - Full Time,Granite Advisory Services P.C.,1102,"WADE,BRITTNEY",WADE,BRITTNEY,226513285,1,,N/A,Employed - Full Time,1,1,N/A,,,,,,,False
22653,3/23/2023 12:00:00 AM,,22667,Active,3/23/2023 11:15:46 AM,,1102,1,Active - Full Time,Granite Advisory Services P.C.,1102,"WALKER,BRENDA",WALKER,BRENDA,224909621,1,,Direct Deposit,Employed - Full Time,1,1,N/A,WELLS FARGO BANK,051400549,Checking,1079202693083,313,2,False
22654,3/23/2023 12:00:00 AM,,22668,Active,3/23/2023 11:15:49 AM,,1102,1,Active - Full Time,Granite Advisory Services P.C.,1102,"WALLS,DESTINY",WALLS,DESTINY,230657435,1,,N/A,Employed - Full Time,1,1,N/A,,,,,,,False
22655,3/23/2023 12:00:00 AM,,22669,Active,3/23/2023 11:15:53 AM,,1102,1,Active - Full Time,Granite Advisory Services P.C.,1102,"WARD,CORDNEY",WARD,CORDNEY,224610145,1,,N/A,Employed - Full Time,1,1,N/A,,,,,,,False
22656,3/23/2023 12:00:00 AM,,22670,Active,3/23/2023 11:15:56 AM,,1102,1,Active - Full Time,Granite Advisory Services P.C.,1102,"WARNER,BEVERLEY",WARNER,BEVERLEY,231745486,1,,N/A,Employed - Full Time,1,1,N/A,,,,,,,False
22657,3/23/2023 12:00:00 AM,,22671,Active,3/23/2023 11:16:00 AM,,1102,1,Active - Full Time,Granite Advisory Services P.C.,1102,"WATT,BETHANY",WATT,BETHANY,090785874,1,,N/A,Employed - Full Time,1,1,N/A,,,,,,,False
22658,3/23/2023 12:00:00 AM,,22672,Active,3/23/2023 11:16:03 AM,,1102,1,Active - Full Time,Granite Advisory Services P.C.,1102,"WEAVER,NATASHA",WEAVER,NATASHA,614036743,1,,N/A,Employed - Full Time,1,1,N/A,,,,,,,False
22659,3/23/2023 12:00:00 AM,,22673,Active,3/23/2023 11:16:07 AM,,1102,1,Active - Full Time,Granite Advisory Services P.C.,1102,"WHITE,STEPHANIE",WHITE,STEPHANIE,249836423,1,,N/A,Employed - Full Time,1,1,N/A,,,,,,,False
22660,3/23/2023 12:00:00 AM,,22674,Active,3/23/2023 11:16:10 AM,,1102,1,Active - Full Time,Granite Advisory Services P.C.,1102,"WHITTAKER,WHITLEY",WHITTAKER,WHITLEY,226498515,1,,N/A,Employed - Full Time,1,1,N/A,,,,,,,False
22661,3/23/2023 12:00:00 AM,,22675,Active,3/23/2023 11:16:14 AM,,1102,1,Active - Full Time,Granite Advisory Services P.C.,1102,"WILLIAMS,DARYN",WILLIAMS,DARYN,231656012,1,,N/A,Employed - Full Time,1,1,N/A,,,,,,,False
22662,3/23/2023 12:00:00 AM,,22676,Active,3/23/2023 11:16:17 AM,,1102,1,Active - Full Time,Granite Advisory Services P.C.,1102,"WILLIAMS,LATEIA",WILLIAMS,LATEIA,227631539,1,,N/A,Employed - Full Time,1,1,N/A,,,,,,,False
22663,3/23/2023 12:00:00 AM,,22677,Active,3/23/2023 11:16:20 AM,,1102,1,Active - Full Time,Granite Advisory Services P.C.,1102,"WIMBUSH,ASHLEY",WIMBUSH,ASHLEY,229432789,1,,N/A,Employed - Full Time,1,1,N/A,,,,,,,False
22664,3/23/2023 12:00:00 AM,,22678,Active,3/23/2023 11:16:23 AM,,1102,1,Active - Full Time,Granite Advisory Services P.C.,1102,"WIMBUSH,TORSHEBA",WIMBUSH,TORSHEBA,229214204,1,,N/A,Employed - Full Time,1,1,N/A,,,,,,,False
22665,3/23/2023 12:00:00 AM,,22679,Active,3/23/2023 11:16:27 AM,,1102,1,Active - Full Time,Granite Advisory Services P.C.,1102,"WOODS,REBECCA",WOODS,REBECCA,223730620,1,,N/A,Employed - Full Time,1,1,N/A,,,,,,,False
22666,3/23/2023 12:00:00 AM,,22680,Active,3/23/2023 11:16:30 AM,,1102,1,Active - Full Time,Granite Advisory Services P.C.,1102,"WRIGHT,CHRYSTAL",WRIGHT,CHRYSTAL,230655472,1,,N/A,Employed - Full Time,1,1,N/A,,,,,,,False
22667,3/23/2023 12:00:00 AM,,22681,Active,3/23/2023 11:16:34 AM,,1102,1,Active - Full Time,Granite Advisory Services P.C.,1102,"ZELAYA,JENNIFER",ZELAYA,JENNIFER,093903188,1,,N/A,Employed - Full Time,1,1,N/A,,,,,,,False
26545,12/12/2023 12:00:00 AM,2/13/2024 12:00:00 AM,28162,Active,2/15/2024 9:15:34 AM,9/12/2023 12:00:00 AM,1270,1,Active - Full Time,McElroy Packaging Inc,1270,"Ely,Kristen",Ely,Kristen,289941677,1,,N/A,Terminated,9,1,N/A,,,,,,,False
26628,5/6/2023 12:00:00 AM,7/12/2023 12:00:00 AM,28279,Inactive,2/22/2024 12:27:43 PM,2/6/2023 12:00:00 AM,1270,2,Active - Part Time,McElroy Packaging Inc,1270,"White,Justin",White,Justin,235377777,2,,N/A,Terminated,9,1,N/A,,,,,,,False
26686,3/1/2024 12:00:00 AM,,28358,Active,3/1/2024 7:03:19 AM,,1264,1,Active - Full Time,Lakeside Creamery Co.,1264,"BICKEL,TREVOR",BICKEL,TREVOR,,1,,N/A,Employed - Full Time,1,1,N/A,,,,,,,False
26687,3/1/2024 12:00:00 AM,2/18/2026 12:00:00 AM,28359,Active,3/1/2024 7:03:20 AM,,1264,1,Active - Full Time,Lakeside Creamery Co.,1264,"CALAI,JEREMY",CALAI,JEREMY,,1,,N/A,Terminated,9,1,N/A,,,,,,,False
26688,3/1/2024 12:00:00 AM,,28360,Active,3/1/2024 7:03:20 AM,,1264,1,Active - Full Time,Lakeside Creamery Co.,1264,"CLARK JR.,GLEN",CLARK JR.,GLEN,,1,,N/A,Employed - Full Time,1,1,N/A,,,,,,,False
26689,3/1/2024 12:00:00 AM,,28361,Inactive,3/1/2024 7:03:21 AM,,1264,2,Active - Part Time,Lakeside Creamery Co.,1264,"DAHL,WILLIAM",DAHL,WILLIAM,,2,,N/A,Employed - Full Time,1,1,N/A,,,,,,,False
26690,3/1/2024 12:00:00 AM,,28362,Active,3/1/2024 7:03:21 AM,,1264,1,Active - Full Time,Lakeside Creamery Co.,1264,"DEWITT,MICHAEL",DEWITT,MICHAEL,,1,,N/A,Employed - Full Time,1,1,N/A,,,,,,,False
26691,3/1/2024 12:00:00 AM,,28363,Inactive,3/1/2024 7:03:22 AM,,1264,2,Active - Part Time,Lakeside Creamery Co.,1264,"EDWARDS,RODNEY",EDWARDS,RODNEY,,2,,N/A,Employed - Full Time,1,1,N/A,,,,,,,False
26692,3/1/2024 12:00:00 AM,8/7/2025 12:00:00 AM,28364,Active,3/1/2024 7:03:22 AM,,1264,1,Active - Full Time,Lakeside Creamery Co.,1264,"FELDER,PIUS",FELDER,PIUS,,1,,N/A,Terminated,9,1,N/A,,,,,,,False
26693,3/1/2024 12:00:00 AM,,28365,Active,3/1/2024 7:03:23 AM,,1264,1,Active - Full Time,Lakeside Creamery Co.,1264,"GOUDY,DONALD",GOUDY,DONALD,,1,,N/A,Employed - Full Time,1,1,N/A,,,,,,,False
26694,3/1/2024 12:00:00 AM,,28366,Inactive,3/1/2024 7:03:23 AM,,1264,2,Active - Part Time,Lakeside Creamery Co.,1264,"HENNEY,OWEN",HENNEY,OWEN,,2,,N/A,Employed - Full Time,1,1,N/A,,,,,,,False
26695,3/1/2024 12:00:00 AM,2/26/2026 12:00:00 AM,28367,Active,3/1/2024 7:03:24 AM,,1264,1,Active - Full Time,Lakeside Creamery Co.,1264,"KLINE,MIKAYLA",KLINE,MIKAYLA,,1,,N/A,Terminated,9,1,N/A,,,,,,,False
26696,3/1/2024 12:00:00 AM,,28368,Active,3/1/2024 7:03:24 AM,,1264,1,Active - Full Time,Lakeside Creamery Co.,1264,"KRAMER,JEFFREY",KRAMER,JEFFREY,,1,,N/A,Employed - Full Time,1,1,N/A,,,,,,,False
26697,3/1/2024 12:00:00 AM,,28369,Active,3/1/2024 7:03:25 AM,,1264,1,Active - Full Time,Lakeside Creamery Co.,1264,"MCFADDEN,JAY",MCFADDEN,JAY,,1,,N/A,Employed - Full Time,1,1,N/A,,,,,,,False
26698,3/1/2024 12:00:00 AM,,28370,Active,3/1/2024 7:03:25 AM,,1264,1,Active - Full Time,Lakeside Creamery Co.,1264,"MENUEZ,ROBYN",MENUEZ,ROBYN,,1,,N/A,Employed - Full Time,1,1,N/A,,,,,,,False
26699,3/1/2024 12:00:00 AM,,28371,Active,3/1/2024 7:03:26 AM,,1264,1,Active - Full Time,Lakeside Creamery Co.,1264,"MILLER,DAVID",MILLER,DAVID,,1,,N/A,Employed - Full Time,1,1,N/A,,,,,,,False
26700,3/1/2024 12:00:00 AM,,28372,Inactive,3/1/2024 7:03:26 AM,,1264,2,Active - Part Time,Lakeside Creamery Co.,1264,"MILLER,NATHAN",MILLER,NATHAN,,2,,N/A,Employed - Full Time,1,1,N/A,,,,,,,False
26701,3/1/2024 12:00:00 AM,,28373,Active,3/1/2024 7:03:26 AM,,1264,1,Active - Full Time,Lakeside Creamery Co.,1264,"MILLER,PAUL",MILLER,PAUL,,1,,N/A,Employed - Full Time,1,1,N/A,,,,,,,False
26702,3/1/2024 12:00:00 AM,,28374,Active,3/1/2024 7:03:27 AM,,1264,1,Active - Full Time,Lakeside Creamery Co.,1264,"MORR,DANIEL",MORR,DANIEL,,1,,N/A,Employed - Full Time,1,1,N/A,,,,,,,False
26703,3/1/2024 12:00:00 AM,,28375,Active,3/1/2024 7:03:27 AM,,1264,1,Active - Full Time,Lakeside Creamery Co.,1264,"OWENS,WILLIAM",OWENS,WILLIAM,,1,,N/A,Employed - Full Time,1,1,N/A,,,,,,,False
26704,3/1/2024 12:00:00 AM,,28376,Inactive,3/1/2024 7:03:28 AM,,1264,2,Active - Part Time,Lakeside Creamery Co.,1264,"PARKER,ALLAN",PARKER,ALLAN,,2,,N/A,Employed - Full Time,1,1,N/A,,,,,,,False
26705,3/1/2024 12:00:00 AM,,28377,Active,3/1/2024 7:03:28 AM,,1264,1,Active - Full Time,Lakeside Creamery Co.,1264,"PATTERSON,DUSTIN",PATTERSON,DUSTIN,,1,,N/A,Employed - Full Time,1,1,N/A,,,,,,,False
26706,3/1/2024 12:00:00 AM,,28378,Active,3/1/2024 7:03:28 AM,,1264,1,Active - Full Time,Lakeside Creamery Co.,1264,"PATTERSON,MICHAEL",PATTERSON,MICHAEL,,1,,N/A,Employed - Full Time,1,1,N/A,,,,,,,False
26707,3/1/2024 12:00:00 AM,,28379,Active,3/1/2024 7:03:29 AM,,1264,1,Active - Full Time,Lakeside Creamery Co.,1264,"RABER,IVAN",RABER,IVAN,,1,,N/A,Employed - Full Time,1,1,N/A,,,,,,,False
26708,3/1/2024 12:00:00 AM,,28380,Active,3/1/2024 7:03:29 AM,,1264,1,Active - Full Time,Lakeside Creamery Co.,1264,"RAMSEYER,BRIAN",RAMSEYER,BRIAN,,1,,N/A,Employed - Full Time,1,1,N/A,,,,,,,False
26709,3/1/2024 12:00:00 AM,,28381,Active,3/1/2024 7:03:30 AM,,1264,1,Active - Full Time,Lakeside Creamery Co.,1264,"RAMSEYER,ROBERT",RAMSEYER,ROBERT,,1,,N/A,Employed - Full Time,1,1,N/A,,,,,,,False
26710,3/1/2024 12:00:00 AM,,28382,Inactive,3/1/2024 7:03:30 AM,,1264,2,Active - Part Time,Lakeside Creamery Co.,1264,"RICHARDS,JASON",RICHARDS,JASON,,2,,N/A,Employed - Full Time,1,1,N/A,,,,,,,False
26711,3/1/2024 12:00:00 AM,,28383,Active,3/1/2024 7:03:30 AM,,1264,1,Active - Full Time,Lakeside Creamery Co.,1264,"RICHARDS,JEREMY",RICHARDS,JEREMY,,1,,N/A,Employed - Full Time,1,1,N/A,,,,,,,False
26712,3/1/2024 12:00:00 AM,,28384,Active,3/1/2024 7:03:31 AM,,1264,1,Active - Full Time,Lakeside Creamery Co.,1264,"STONEBROOK,GARRY",STONEBROOK,GARRY,,1,,N/A,Employed - Full Time,1,1,N/A,,,,,,,False
26713,3/1/2024 12:00:00 AM,,28385,Inactive,3/1/2024 7:03:31 AM,,1264,2,Active - Part Time,Lakeside Creamery Co.,1264,"STRAITS,TAYLOR",STRAITS,TAYLOR,,2,,N/A,Employed - Full Time,1,1,N/A,,,,,,,False
26714,3/1/2024 12:00:00 AM,,28386,Active,3/1/2024 7:03:32 AM,,1264,1,Active - Full Time,Lakeside Creamery Co.,1264,"WEAVER,LAURA",WEAVER,LAURA,,1,,N/A,Employed - Full Time,1,1,N/A,,,,,,,False
26715,3/1/2024 12:00:00 AM,,28387,Active,3/1/2024 7:03:32 AM,,1264,1,Active - Full Time,Lakeside Creamery Co.,1264,"WENGERD,TREY",WENGERD,TREY,,1,,N/A,Employed - Full Time,1,1,N/A,,,,,,,False
26716,3/1/2024 12:00:00 AM,,28388,Active,3/1/2024 7:03:33 AM,,1264,1,Active - Full Time,Lakeside Creamery Co.,1264,"YABROFF,MARC",YABROFF,MARC,,1,,N/A,Employed - Full Time,1,1,N/A,,,,,,,False
26717,3/1/2024 12:00:00 AM,,28389,Active,3/1/2024 7:03:33 AM,,1264,1,Active - Full Time,Lakeside Creamery Co.,1264,"YODER,MERVIN",YODER,MERVIN,,1,,N/A,Employed - Full Time,1,1,N/A,,,,,,,False
26718,3/1/2022 12:00:00 AM,,28390,Inactive,3/1/2024 7:05:02 AM,,1264,2,Active - Part Time,Lakeside Creamery Co.,1264,"JORG,JOHN",JORG,JOHN,,2,,N/A,Terminated,9,1,N/A,,,,,,,False
28079,12/16/2024 12:00:00 AM,12/16/2024 12:00:00 AM,30342,Inactive,12/16/2024 2:12:29 PM,,1102,2,Active - Part Time,Granite Advisory Services P.C.,1102,"Williams,Britney",Williams,Britney,,2,,N/A,Terminated,9,1,N/A,,,,,,,False
28098,12/20/2024 12:00:00 AM,12/19/2025 12:00:00 AM,30365,Active,12/20/2024 9:31:26 AM,,1155,1,Active - Full Time,Village of Brookfield,1155,"PETERSON,LUCY",PETERSON,LUCY,,1,,Check,Terminated,9,1,N/A,COMMUNITY FIRST CREDIT UNION,275982801,Checking,11837259,266,1,False
28098,12/20/2024 12:00:00 AM,12/19/2025 12:00:00 AM,30365,Active,12/20/2024 9:31:26 AM,,1155,1,Active - Full Time,Village of Brookfield,1155,"PETERSON,LUCY",PETERSON,LUCY,,1,,Check,Terminated,9,1,N/A,COMMUNITY FIRST CREDIT UNION,275982801,Checking,11837259,279,1,False
21097,1/1/2022 12:00:00 AM,,21111,Active,3/23/2023 10:44:31 AM,,442,1,Active - Full Time,Cooks Lumber and Hardware,442,"COOK,JIM",COOK,JIM,952861452,1,,N/A,Employed - Full Time,1,1,N/A,,,,,,,False
22928,8/7/2023 12:00:00 AM,,22969,Active,8/7/2023 3:22:53 PM,,552,1,Active - Full Time,Northern Metals Inc.,552,"Rosenberg,Clint",Rosenberg,Clint,000047475,1,,N/A,Employed - Full Time,1,1,N/A,,,,,,,False
25615,1/4/2024 12:00:00 AM,1/4/2024 12:00:00 AM,26432,Active,1/4/2024 3:03:31 PM,6/6/2022 12:00:00 AM,1270,1,Active - Full Time,McElroy Packaging Inc,1270,"Solis,Susana",Solis,Susana,529378401,1,4/15/1995 12:00:00 AM,N/A,Terminated,9,1,N/A,,,,,,,False
25616,1/4/2024 12:00:00 AM,1/4/2024 12:00:00 AM,26433,Active,1/4/2024 3:08:07 PM,6/6/2022 12:00:00 AM,1270,1,Active - Full Time,McElroy Packaging Inc,1270,"Velasquez,Lorena",Velasquez,Lorena,116855997,1,,N/A,Terminated,9,1,N/A,,,,,,,False
25617,1/4/2024 12:00:00 AM,1/4/2024 12:00:00 AM,26434,Active,1/4/2024 3:12:01 PM,10/3/2022 12:00:00 AM,1270,1,Active - Full Time,McElroy Packaging Inc,1270,"Zambrano,Arturo",Zambrano,Arturo,352967664,1,,N/A,Terminated,9,1,N/A,,,,,,,False
28417,2/6/2025 12:00:00 AM,,30757,Active,2/6/2025 4:13:00 PM,,221,1,Active - Full Time,Horizon Benefits Group,221,"WAGH,PURVA",WAGH,PURVA,,1,,N/A,Employed - Full Time,1,1,N/A,,,,,,,False
28464,2/5/2025 12:00:00 AM,2/7/2025 12:00:00 AM,30833,Inactive,2/20/2025 11:20:12 AM,,1102,2,Active - Part Time,Granite Advisory Services P.C.,1102,"Bulgin,Cyana",Bulgin,Cyana,,2,,N/A,Terminated,9,1,N/A,,,,,,,False
28491,2/27/2025 12:00:00 AM,,30887,Active,2/27/2025 10:35:22 AM,,550,1,Active - Full Time,Clearwater Media Productions,550,"REILLY,MEGAN",REILLY,MEGAN,,1,,N/A,Employed - Full Time,1,1,N/A,,,,,,,False
28492,2/27/2025 12:00:00 AM,,30888,Active,2/27/2025 10:36:11 AM,,550,1,Active - Full Time,Clearwater Media Productions,550,"WINER,DANIEL",WINER,DANIEL,,1,,N/A,Employed - Full Time,1,1,N/A,,,,,,,False
28493,2/27/2025 12:00:00 AM,,30889,Active,2/27/2025 10:37:15 AM,,550,1,Active - Full Time,Clearwater Media Productions,550,"SMITH,DANIEL",SMITH,DANIEL,,1,,N/A,Employed - Full Time,1,1,N/A,,,,,,,False
28494,2/27/2025 12:00:00 AM,,30890,Active,2/27/2025 10:38:48 AM,,550,1,Active - Full Time,Clearwater Media Productions,550,"WYNKOOP,MORGAN",WYNKOOP,MORGAN,,1,,N/A,Employed - Full Time,1,1,N/A,,,,,,,False
28495,1/1/2025 12:00:00 AM,2/19/2025 12:00:00 AM,30892,Active,2/27/2025 11:44:32 AM,,1270,1,Active - Full Time,McElroy Packaging Inc,1270,"Heckman,Chad",Heckman,Chad,268800374,1,11/5/1975 12:00:00 AM,N/A,Employed - Full Time,1,1,N/A,,,,,,,False
28527,3/28/2025 12:00:00 AM,,30954,Active,3/28/2025 3:36:48 PM,,1102,1,Active - Full Time,Granite Advisory Services P.C.,1102,"GRIFFIN,WILLIAM",GRIFFIN,WILLIAM,,1,,N/A,Employed - Full Time,1,1,N/A,,,,,,,False
28528,3/28/2025 12:00:00 AM,6/13/2025 12:00:00 AM,30955,Inactive,3/28/2025 3:39:09 PM,,1102,2,Active - Part Time,Granite Advisory Services P.C.,1102,"HOWERTON,BRANDI",HOWERTON,BRANDI,,2,,N/A,Terminated,9,1,N/A,,,,,,,False
28529,3/28/2025 12:00:00 AM,,30956,Active,3/28/2025 3:40:57 PM,,1102,1,Active - Full Time,Granite Advisory Services P.C.,1102,"WILLIAMS,DEVIN",WILLIAMS,DEVIN,,1,,N/A,Employed - Full Time,1,1,N/A,,,,,,,False
28530,3/28/2025 12:00:00 AM,5/30/2025 12:00:00 AM,30957,Inactive,3/28/2025 3:43:33 PM,,1102,2,Active - Part Time,Granite Advisory Services P.C.,1102,"SHACKELFORD,KATELYN",SHACKELFORD,KATELYN,,2,,Check,Terminated,9,1,N/A,"CAPITAL ONE BANK (USA), N.A.",031176110,Savings,36244978443,295,1,False
28531,4/1/2025 12:00:00 AM,,30958,Active,3/31/2025 9:15:00 AM,,550,1,Active - Full Time,Clearwater Media Productions,550,"WOLUCHEM,MALAIKA",WOLUCHEM,MALAIKA,,1,,Direct Deposit,Employed - Full Time,1,1,N/A,ESL Federal Credit Union {custom},222371863,Checking,13700174,345,2,False
28534,3/31/2025 12:00:00 AM,3/21/2025 12:00:00 AM,30961,Inactive,3/31/2025 12:17:01 PM,,1102,2,Active - Part Time,Granite Advisory Services P.C.,1102,"Baldwin,Rachel",Baldwin,Rachel,,2,,N/A,Terminated,9,1,N/A,,,,,,,False
28535,3/31/2025 12:00:00 AM,,30962,Active,3/31/2025 2:14:09 PM,,1102,1,Active - Full Time,Granite Advisory Services P.C.,1102,"HOUSE,ALYSON",HOUSE,ALYSON,,1,,Check,Employed - Full Time,1,1,N/A,BANK OF AMERICA,051000017,Checking,435059474511,285,1,False
28585,3/13/2025 12:00:00 AM,4/23/2025 12:00:00 AM,31027,Inactive,4/23/2025 1:45:33 PM,,1102,2,Active - Part Time,Granite Advisory Services P.C.,1102,"Irvin,Taylor",Irvin,Taylor,223879519,2,,N/A,Terminated,9,1,N/A,,,,,,,False
28586,2/13/2025 12:00:00 AM,4/23/2025 12:00:00 AM,31028,Inactive,4/23/2025 1:46:48 PM,,1102,2,Active - Part Time,Granite Advisory Services P.C.,1102,"Sanchez,Daniel",Sanchez,Daniel,592357442,2,,N/A,Terminated,9,1,N/A,,,,,,,False
21306,3/23/2023 12:00:00 AM,,21320,Active,3/23/2023 10:48:06 AM,,223,1,Active - Full Time,Beard Pension Services Inc.,223,"BEARD,BRUCE",BEARD,BRUCE,278425232,1,,N/A,Employed - Full Time,1,1,N/A,,,,,,,False
21309,3/23/2023 12:00:00 AM,,21323,Active,3/23/2023 10:48:08 AM,,223,1,Active - Full Time,Beard Pension Services Inc.,223,"BERLIN,WILLIAM",BERLIN,WILLIAM,273748368,1,,N/A,Employed - Full Time,1,1,N/A,,,,,,,False
21311,3/23/2023 12:00:00 AM,,21325,Active,3/23/2023 10:48:10 AM,,223,1,Active - Full Time,Beard Pension Services Inc.,223,"BROD,KELLY",BROD,KELLY,278867447,1,,N/A,Employed - Full Time,1,1,N/A,,,,,,,False
21313,3/23/2023 12:00:00 AM,,21327,Active,3/23/2023 10:48:11 AM,,223,1,Active - Full Time,Beard Pension Services Inc.,223,"GALLETTA,THERESA",GALLETTA,THERESA,279542648,1,,N/A,Employed - Full Time,1,1,N/A,,,,,,,False
21315,3/23/2023 12:00:00 AM,,21329,Active,3/23/2023 10:48:13 AM,,223,1,Active - Full Time,Beard Pension Services Inc.,223,"HUTCH,BARBARA",HUTCH,BARBARA,211426172,1,,N/A,Employed - Full Time,1,1,N/A,,,,,,,False
21317,3/23/2023 12:00:00 AM,,21331,Active,3/23/2023 10:48:15 AM,,223,1,Active - Full Time,Beard Pension Services Inc.,223,"PANTALL,GWEN",PANTALL,GWEN,292509893,1,,N/A,Employed - Full Time,1,1,N/A,,,,,,,False
21319,3/23/2023 12:00:00 AM,,21333,Active,3/23/2023 10:48:18 AM,,223,1,Active - Full Time,Beard Pension Services Inc.,223,"RAFOTH,JAMES",RAFOTH,JAMES,288480656,1,,N/A,Employed - Full Time,1,1,N/A,,,,,,,False
21322,3/23/2023 12:00:00 AM,,21336,Active,3/23/2023 10:48:21 AM,,223,1,Active - Full Time,Beard Pension Services Inc.,223,"SMALLWOOD,MARK",SMALLWOOD,MARK,302608901,1,,N/A,Employed - Full Time,1,1,N/A,,,,,,,False
21324,3/23/2023 12:00:00 AM,,21338,Active,3/23/2023 10:48:23 AM,,223,1,Active - Full Time,Beard Pension Services Inc.,223,"SMALLWOOD,ROBERT",SMALLWOOD,ROBERT,296661461,1,,N/A,Employed - Full Time,1,1,N/A,,,,,,,False
21326,3/23/2023 12:00:00 AM,,21340,Active,3/23/2023 10:48:25 AM,,223,1,Active - Full Time,Beard Pension Services Inc.,223,"STANLEY,SUSAN",STANLEY,SUSAN,274644074,1,,N/A,Employed - Full Time,1,1,N/A,,,,,,,False
21328,3/23/2023 12:00:00 AM,,21342,Active,3/23/2023 10:48:26 AM,,223,1,Active - Full Time,Beard Pension Services Inc.,223,"TOMASKO,ALICE",TOMASKO,ALICE,279688452,1,,N/A,Employed - Full Time,1,1,N/A,,,,,,,False
21330,3/23/2023 12:00:00 AM,,21344,Active,3/23/2023 10:48:28 AM,,223,1,Active - Full Time,Beard Pension Services Inc.,223,"WALKER,BRADLEY",WALKER,BRADLEY,487762423,1,,N/A,Employed - Full Time,1,1,N/A,,,,,,,False
21333,3/23/2023 12:00:00 AM,,21347,Active,3/23/2023 10:48:30 AM,,223,1,Active - Full Time,Beard Pension Services Inc.,223,"WALKER,JOHN",WALKER,JOHN,487761602,1,,N/A,Employed - Full Time,1,1,N/A,,,,,,,False
21335,3/23/2023 12:00:00 AM,,21349,Active,3/23/2023 10:48:32 AM,,223,1,Active - Full Time,Beard Pension Services Inc.,223,"YOUNG,KATHLEEN",YOUNG,KATHLEEN,279542562,1,,N/A,Employed - Full Time,1,1,N/A,,,,,,,False
27166,5/7/2024 12:00:00 AM,,29032,Active,5/7/2024 12:58:32 PM,,1264,1,Active - Full Time,Lakeside Creamery Co.,1264,"Mullet,Cody",Mullet,Cody,,1,,N/A,Employed - Full Time,1,1,N/A,,,,,,,False
27214,7/3/2023 12:00:00 AM,4/17/2024 12:00:00 AM,29102,Active,5/14/2024 11:45:14 AM,4/3/2023 12:00:00 AM,1270,1,Active - Full Time,McElroy Packaging Inc,1270,"Hetrick,James",Hetrick,James,284687793,1,,N/A,Terminated,9,1,N/A,,,,,,,False
27215,8/23/2023 12:00:00 AM,5/3/2024 12:00:00 AM,29103,Active,5/14/2024 11:58:32 AM,5/23/2023 12:00:00 AM,1270,1,Active - Full Time,McElroy Packaging Inc,1270,"Corrigan,Jason",Corrigan,Jason,468029187,1,,N/A,Terminated,9,1,N/A,,,,,,,False
28616,10/4/2023 12:00:00 AM,4/30/2025 12:00:00 AM,31064,Inactive,5/7/2025 12:56:32 PM,,1102,2,Active - Part Time,Granite Advisory Services P.C.,1102,"Walker,Aaron",Walker,Aaron,,2,,N/A,Terminated,9,1,N/A,,,,,,,False
28679,4/23/2025 12:00:00 AM,5/21/2025 12:00:00 AM,31157,Inactive,6/2/2025 2:50:06 PM,,1102,2,Active - Part Time,Granite Advisory Services P.C.,1102,"Limtsen,Dave",Limtsen,Dave,,2,,N/A,Terminated,9,1,N/A,,,,,,,False
28680,4/7/2025 12:00:00 AM,5/27/2025 12:00:00 AM,31158,Inactive,6/2/2025 2:58:23 PM,,1102,2,Active - Part Time,Granite Advisory Services P.C.,1102,"Billingsley,Jordan",Billingsley,Jordan,,2,,N/A,Terminated,9,1,N/A,,,,,,,False
28681,4/23/2025 12:00:00 AM,6/2/2025 12:00:00 AM,31159,Active,6/2/2025 3:03:21 PM,,1102,1,Active - Full Time,Granite Advisory Services P.C.,1102,"Thomas,Crystal",Thomas,Crystal,,1,,N/A,Terminated,9,1,N/A,,,,,,,False
28697,2/13/2025 12:00:00 AM,6/3/2025 12:00:00 AM,31179,Inactive,6/10/2025 12:30:21 PM,,1102,2,Active - Part Time,Granite Advisory Services P.C.,1102,"Richardson,Evangeline",Richardson,Evangeline,,2,,N/A,Terminated,9,1,N/A,,,,,,,False
28782,8/3/2025 12:00:00 AM,,31338,Active,8/7/2025 12:15:08 PM,,1264,1,Active - Full Time,Lakeside Creamery Co.,1264,"Brown,Tyler",Brown,Tyler,,1,,N/A,Employed - Full Time,1,1,N/A,,,,,,,False
28783,8/3/2025 12:00:00 AM,,31339,Active,8/7/2025 12:16:30 PM,,1264,1,Active - Full Time,Lakeside Creamery Co.,1264,"Rohr,Renee",Rohr,Renee,,1,,N/A,Employed - Full Time,1,1,N/A,,,,,,,False
19316,3/23/2023 12:00:00 AM,,19330,Active,3/23/2023 9:53:09 AM,,440,1,Active - Full Time,Maplewood Community Church,440,"VANDEGRIFF,RAGAN",VANDEGRIFF,RAGAN,255252462,1,,N/A,Employed - Full Time,1,1,N/A,,,,,,,False
19318,3/23/2023 12:00:00 AM,,19332,Inactive,3/23/2023 9:53:12 AM,,440,2,Active - Part Time,Maplewood Community Church,440,"WILLIAMS III,JOHN",WILLIAMS III,JOHN,593905451,2,,N/A,Employed - Full Time,1,1,N/A,,,,,,,False
19320,3/23/2023 12:00:00 AM,,19334,Inactive,3/23/2023 9:53:13 AM,,440,2,Active - Part Time,Maplewood Community Church,440,"WRIGHT III,GEORGE",WRIGHT III,GEORGE,259474723,2,,N/A,Employed - Full Time,1,1,N/A,,,,,,,False
19323,3/23/2023 12:00:00 AM,11/12/2024 12:00:00 AM,19337,Inactive,3/23/2023 9:53:16 AM,,440,2,Active - Part Time,Maplewood Community Church,440,"ZAHN,TURNER",ZAHN,TURNER,258858724,2,,N/A,Terminated,9,1,N/A,,,,,,,False
24314,1/1/2022 12:00:00 AM,3/8/2024 12:00:00 AM,24797,Inactive,12/13/2023 12:17:20 PM,,221,2,Active - Part Time,Horizon Benefits Group,221,"FEENEY,JOSEPH",FEENEY,JOSEPH,,2,,N/A,Terminated,9,1,N/A,,,,,,,False
24315,1/1/2022 12:00:00 AM,2/16/2024 12:00:00 AM,24798,Inactive,12/13/2023 12:17:24 PM,,221,2,Active - Part Time,Horizon Benefits Group,221,"HUSSEY,MARK",HUSSEY,MARK,,2,,N/A,Terminated,9,1,N/A,,,,,,,False
24316,1/1/2022 12:00:00 AM,,24799,Active,12/13/2023 12:17:46 PM,,221,1,Active - Full Time,Horizon Benefits Group,221,"SNYDER,SANDRA",SNYDER,SANDRA,,1,,N/A,Non-Participant,10,1,N/A,,,,,,,False
24324,1/1/2023 12:00:00 AM,,24807,Active,12/13/2023 11:46:08 PM,,1270,1,Active - Full Time,McElroy Packaging Inc,1270,"Bales,Thomas",Bales,Thomas,601121402,1,5/25/1984 12:00:00 AM,N/A,Employed - Full Time,1,1,N/A,,,,,,,False
24325,1/1/2023 12:00:00 AM,,24808,Active,12/13/2023 11:46:09 PM,,1270,1,Active - Full Time,McElroy Packaging Inc,1270,"Bodager,Brad",Bodager,Brad,275709745,1,,N/A,Employed - Full Time,1,1,N/A,,,,,,,False
24326,9/24/2012 12:00:00 AM,,24809,Active,12/13/2023 11:46:09 PM,9/24/2012 12:00:00 AM,1270,1,Active - Full Time,McElroy Packaging Inc,1270,"Boreman,Karen",Boreman,Karen,290786872,1,7/2/1965 12:00:00 AM,N/A,Employed - Full Time,1,1,N/A,,,,,,,False
24327,9/9/2016 12:00:00 AM,12/31/2023 12:00:00 AM,24810,Active,12/13/2023 11:46:10 PM,9/9/2016 12:00:00 AM,1270,1,Active - Full Time,McElroy Packaging Inc,1270,"Bricker,John",Bricker,John,277769488,1,12/18/1979 12:00:00 AM,N/A,Terminated,9,1,N/A,,,,,,,False
24328,2/1/2010 12:00:00 AM,,24811,Active,12/13/2023 11:46:10 PM,2/1/2010 12:00:00 AM,1270,1,Active - Full Time,McElroy Packaging Inc,1270,"Cooper,Shawn",Cooper,Shawn,297842326,1,9/21/1973 12:00:00 AM,N/A,Employed - Full Time,1,1,N/A,,,,,,,False
24329,11/9/2020 12:00:00 AM,,24812,Active,12/13/2023 11:46:10 PM,11/9/2020 12:00:00 AM,1270,1,Active - Full Time,McElroy Packaging Inc,1270,"Cordell,Mark",Cordell,Mark,274780444,1,5/28/1972 12:00:00 AM,N/A,Employed - Full Time,1,1,N/A,,,,,,,False
24330,7/25/2018 12:00:00 AM,,24813,Active,12/13/2023 11:46:11 PM,7/25/2018 12:00:00 AM,1270,1,Active - Full Time,McElroy Packaging Inc,1270,"Dolak,Douglas",Dolak,Douglas,294840479,1,9/26/1970 12:00:00 AM,N/A,Employed - Full Time,1,1,N/A,,,,,,,False
24331,7/22/2019 12:00:00 AM,12/31/2023 12:00:00 AM,24814,Active,12/13/2023 11:46:11 PM,7/22/2019 12:00:00 AM,1270,1,Active - Full Time,McElroy Packaging Inc,1270,"Erman,Shawnna",Erman,Shawnna,302964709,1,5/26/1994 12:00:00 AM,N/A,Terminated,9,1,N/A,,,,,,,False
24332,1/1/2023 12:00:00 AM,10/7/2025 12:00:00 AM,24815,Active,12/13/2023 11:46:11 PM,,1270,1,Active - Full Time,McElroy Packaging Inc,1270,"Gott,Steve",Gott,Steve,294721810,1,,N/A,Terminated,9,1,N/A,,,,,,,False
24333,1/1/2023 12:00:00 AM,,24816,Active,12/13/2023 11:46:12 PM,,1270,1,Active - Full Time,McElroy Packaging Inc,1270,"Hilty,Christian",Hilty,Christian,297808088,1,,N/A,Employed - Full Time,1,1,N/A,,,,,,,False
24334,3/2/2020 12:00:00 AM,1/18/2024 12:00:00 AM,24817,Active,12/13/2023 11:46:12 PM,3/2/2020 12:00:00 AM,1270,1,Active - Full Time,McElroy Packaging Inc,1270,"Hilty,Cody",Hilty,Cody,272983192,1,10/22/1994 12:00:00 AM,N/A,Terminated,9,1,N/A,,,,,,,False
24335,6/2/2010 12:00:00 AM,,24818,Active,12/13/2023 11:46:12 PM,6/2/2010 12:00:00 AM,1270,1,Active - Full Time,McElroy Packaging Inc,1270,"Hoff,Mark",Hoff,Mark,276687175,1,5/15/1961 12:00:00 AM,N/A,Employed - Full Time,1,1,N/A,,,,,,,False
24336,5/21/2018 12:00:00 AM,,24819,Active,12/13/2023 11:46:13 PM,5/21/2018 12:00:00 AM,1270,1,Active - Full Time,McElroy Packaging Inc,1270,"Huffman,Nathan",Huffman,Nathan,298849096,1,10/24/1971 12:00:00 AM,N/A,Employed - Full Time,1,1,N/A,,,,,,,False
24337,1/11/2202 12:00:00 AM,,24820,Active,12/13/2023 11:46:13 PM,1/11/2202 12:00:00 AM,1270,1,Active - Full Time,McElroy Packaging Inc,1270,"Jackson,Jordan",Jackson,Jordan,269981327,1,8/6/1993 12:00:00 AM,N/A,Employed - Full Time,1,1,N/A,,,,,,,False
24338,1/1/2023 12:00:00 AM,,24821,Active,12/13/2023 11:46:14 PM,,1270,1,Active - Full Time,McElroy Packaging Inc,1270,"Mcelroy,Steven",Mcelroy,Steven,300729553,1,,N/A,Employed - Full Time,1,1,N/A,,,,,,,False
24339,10/21/2019 12:00:00 AM,12/31/2023 12:00:00 AM,24822,Active,12/13/2023 11:46:14 PM,10/21/2019 12:00:00 AM,1270,1,Active - Full Time,McElroy Packaging Inc,1270,"Myers,Mitchell",Myers,Mitchell,278983732,1,6/22/1994 12:00:00 AM,N/A,Terminated,9,1,N/A,,,,,,,False
24340,8/25/2014 12:00:00 AM,2/20/2026 12:00:00 AM,24823,Active,12/13/2023 11:46:14 PM,8/25/2014 12:00:00 AM,1270,1,Active - Full Time,McElroy Packaging Inc,1270,"Shaw,Carroll",Shaw,Carroll,446683866,1,10/31/1963 12:00:00 AM,N/A,Terminated,9,1,N/A,,,,,,,False
24341,5/9/2016 12:00:00 AM,,24824,Active,12/13/2023 11:46:15 PM,5/9/2016 12:00:00 AM,1270,1,Active - Full Time,McElroy Packaging Inc,1270,"Tucker,Kevin",Tucker,Kevin,300604957,1,9/25/1977 12:00:00 AM,N/A,Employed - Full Time,1,1,N/A,,,,,,,False
24342,4/4/2019 12:00:00 AM,,24825,Active,12/13/2023 11:46:15 PM,4/4/2019 12:00:00 AM,1270,1,Active - Full Time,McElroy Packaging Inc,1270,"Williams,Justin",Williams,Justin,279965652,1,6/25/1993 12:00:00 AM,N/A,Employed - Full Time,1,1,N/A,,,,,,,False
24343,4/17/2017 12:00:00 AM,,24826,Active,12/13/2023 11:46:15 PM,4/17/2017 12:00:00 AM,1270,1,Active - Full Time,McElroy Packaging Inc,1270,"Wise,Dennis",Wise,Dennis,271542742,1,9/14/1957 12:00:00 AM,N/A,Employed - Full Time,1,1,N/A,,,,,,,False
24344,1/1/2023 12:00:00 AM,4/30/2025 12:00:00 AM,24827,Active,12/13/2023 11:46:16 PM,,1270,1,Active - Full Time,McElroy Packaging Inc,1270,"Mendenhall,Lorie",Mendenhall,Lorie,277669717,1,,N/A,Terminated,9,1,N/A,,,,,,,False
24345,1/1/2023 12:00:00 AM,3/21/2024 12:00:00 AM,24829,Active,12/13/2023 11:46:16 PM,8/7/2023 12:00:00 AM,1270,1,Active - Full Time,McElroy Packaging Inc,1270,"Richards,Michael",Richards,Michael,291806461,1,,N/A,Terminated,9,1,N/A,,,,,,,False
24346,11/3/2014 12:00:00 AM,,24832,Active,12/13/2023 11:46:17 PM,11/3/2014 12:00:00 AM,1270,1,Active - Full Time,McElroy Packaging Inc,1270,"Jacobson,Zachery",Jacobson,Zachery,272927033,1,1/8/1989 12:00:00 AM,N/A,Employed - Full Time,1,1,N/A,,,,,,,False
24347,1/1/2023 12:00:00 AM,,24837,Active,12/13/2023 11:58:05 PM,,1270,1,Active - Full Time,McElroy Packaging Inc,1270,"Chamberlin,Colby",Chamberlin,Colby,270681990,1,,N/A,Terminated,9,1,N/A,,,,,,,False
24348,1/1/2023 12:00:00 AM,,24838,Active,12/14/2023 12:06:17 AM,1/2/2020 12:00:00 AM,1270,1,Active - Full Time,McElroy Packaging Inc,1270,"Schneider,Christine",Schneider,Christine,278705892,1,3/22/1969 12:00:00 AM,N/A,Employed - Full Time,1,1,N/A,,,,,,,False
24349,1/1/2023 12:00:00 AM,,24839,Active,12/14/2023 12:58:49 AM,5/1/2023 12:00:00 AM,1270,1,Active - Full Time,McElroy Packaging Inc,1270,"Turner,Stewart",Turner,Stewart,198741045,1,1/24/1994 12:00:00 AM,N/A,Terminated,9,1,N/A,,,,,,,False
27429,4/1/2024 12:00:00 AM,5/31/2024 12:00:00 AM,29423,Inactive,6/5/2024 2:37:58 PM,,1102,2,Active - Part Time,Granite Advisory Services P.C.,1102,"Paquette,Elisabeth",Paquette,Elisabeth,240635703,2,,N/A,Terminated,9,1,N/A,,,,,,,False
28816,1/5/2025 12:00:00 AM,,31385,Active,8/27/2025 12:17:07 PM,10/7/2024 12:00:00 AM,1270,1,Active - Full Time,McElroy Packaging Inc,1270,"Finkenbinder,Todd",Finkenbinder,Todd,289923226,1,,N/A,Employed - Full Time,1,1,N/A,,,,,,,False
28817,6/8/2025 12:00:00 AM,,31386,Active,8/27/2025 12:27:12 PM,3/10/2025 12:00:00 AM,1270,1,Active - Full Time,McElroy Packaging Inc,1270,"Waltz,Joshua",Waltz,Joshua,271943022,1,,N/A,Employed - Full Time,1,1,N/A,,,,,,,False
28837,7/1/2025 12:00:00 AM,9/3/2025 12:00:00 AM,31412,Active,9/11/2025 11:36:15 AM,,1102,1,Active - Full Time,Granite Advisory Services P.C.,1102,"Mitchell,Shannon",Mitchell,Shannon,,1,,N/A,Terminated,9,1,N/A,,,,,,,False
28856,9/1/2025 12:00:00 AM,9/18/2025 12:00:00 AM,31444,Active,9/23/2025 2:57:18 PM,,1102,1,Active - Full Time,Granite Advisory Services P.C.,1102,"Gochez,Sarai",Gochez,Sarai,,1,,N/A,Terminated,9,1,N/A,,,,,,,False
28867,6/1/2025 12:00:00 AM,9/30/2025 12:00:00 AM,31467,Active,10/7/2025 10:51:36 AM,,1102,1,Active - Full Time,Granite Advisory Services P.C.,1102,"Partsch,Nicki",Partsch,Nicki,,1,,N/A,Terminated,9,1,N/A,,,,,,,False
28905,10/1/2025 12:00:00 AM,,31527,Active,11/3/2025 3:51:06 PM,,1102,1,Active - Full Time,Granite Advisory Services P.C.,1102,"Hudson,Rylan",Hudson,Rylan,,1,,N/A,Employed - Full Time,1,1,N/A,,,,,,,False
28950,10/1/2025 12:00:00 AM,,31582,Active,11/10/2025 9:11:36 AM,,1102,1,Active - Full Time,Granite Advisory Services P.C.,1102,"SINGSANK,LAURALEI",SINGSANK,LAURALEI,,1,,N/A,Employed - Full Time,1,1,N/A,,,,,,,False
22293,3/23/2023 12:00:00 AM,,22307,Active,3/23/2023 11:07:06 AM,,1102,1,Active - Full Time,Granite Advisory Services P.C.,1102,"ADAMS,KATHLEEN",ADAMS,KATHLEEN,224822727,1,,N/A,Employed - Full Time,1,1,N/A,,,,,,,False
22295,3/23/2023 12:00:00 AM,,22309,Active,3/23/2023 11:07:09 AM,,1102,1,Active - Full Time,Granite Advisory Services P.C.,1102,"ADAMS,KIM",ADAMS,KIM,223256503,1,,N/A,Employed - Full Time,1,1,N/A,,,,,,,False
22297,3/23/2023 12:00:00 AM,,22311,Active,3/23/2023 11:07:11 AM,,1102,1,Active - Full Time,Granite Advisory Services P.C.,1102,"ADDISON,TIFFANY",ADDISON,TIFFANY,431696942,1,,N/A,Employed - Full Time,1,1,N/A,,,,,,,False
22300,3/23/2023 12:00:00 AM,,22314,Active,3/23/2023 11:07:16 AM,,1102,1,Active - Full Time,Granite Advisory Services P.C.,1102,"AIKEN,SHANTAE",AIKEN,SHANTAE,224658701,1,,N/A,Employed - Full Time,1,1,N/A,,,,,,,False
22302,3/23/2023 12:00:00 AM,,22316,Active,3/23/2023 11:07:20 AM,,1102,1,Active - Full Time,Granite Advisory Services P.C.,1102,"ALDERMAN,ANGIE",ALDERMAN,ANGIE,239251096,1,,N/A,Employed - Full Time,1,1,N/A,,,,,,,False
22303,3/23/2023 12:00:00 AM,,22317,Active,3/23/2023 11:07:22 AM,,1102,1,Active - Full Time,Granite Advisory Services P.C.,1102,"ALNAJI,MUSSTAFA",ALNAJI,MUSSTAFA,228833153,1,,N/A,Employed - Full Time,1,1,N/A,,,,,,,False
22306,3/23/2023 12:00:00 AM,,22320,Active,3/23/2023 11:07:26 AM,,1102,1,Active - Full Time,Granite Advisory Services P.C.,1102,"ALVAREZ VELASCO,BRITNEY",ALVAREZ VELASCO,BRITNEY,226914938,1,,N/A,Employed - Full Time,1,1,N/A,,,,,,,False
22308,3/23/2023 12:00:00 AM,,22322,Active,3/23/2023 11:07:31 AM,,1102,1,Active - Full Time,Granite Advisory Services P.C.,1102,"AMES,DIXON",AMES,DIXON,230677667,1,,N/A,Employed - Full Time,1,1,N/A,,,,,,,False
22311,3/23/2023 12:00:00 AM,,22325,Active,3/23/2023 11:07:35 AM,,1102,1,Active - Full Time,Granite Advisory Services P.C.,1102,"AMES,MARK",AMES,MARK,229681815,1,,N/A,Employed - Full Time,1,1,N/A,,,,,,,False
22312,3/23/2023 12:00:00 AM,,22326,Active,3/23/2023 11:07:42 AM,,1102,1,Active - Full Time,Granite Advisory Services P.C.,1102,"ANTHONY,DARLENE",ANTHONY,DARLENE,229396622,1,,N/A,Employed - Full Time,1,1,N/A,,,,,,,False
22314,3/23/2023 12:00:00 AM,,22328,Active,3/23/2023 11:07:44 AM,,1102,1,Active - Full Time,Granite Advisory Services P.C.,1102,"ANTHONY,JENNIFER",ANTHONY,JENNIFER,228477354,1,,N/A,Employed - Full Time,1,1,N/A,,,,,,,False
22317,3/23/2023 12:00:00 AM,,22331,Active,3/23/2023 11:07:49 AM,,1102,1,Active - Full Time,Granite Advisory Services P.C.,1102,"ARNEY,WILLIAM",ARNEY,WILLIAM,225023456,1,,N/A,Employed - Full Time,1,1,N/A,,,,,,,False
22319,3/23/2023 12:00:00 AM,,22333,Active,3/23/2023 11:07:52 AM,,1102,1,Active - Full Time,Granite Advisory Services P.C.,1102,"AUSTIN,LISA",AUSTIN,LISA,225983115,1,,N/A,Employed - Full Time,1,1,N/A,,,,,,,False
22322,3/23/2023 12:00:00 AM,,22336,Active,3/23/2023 11:08:02 AM,,1102,1,Active - Full Time,Granite Advisory Services P.C.,1102,"BACK,AARON",BACK,AARON,224532592,1,,N/A,Employed - Full Time,1,1,N/A,,,,,,,False
22325,3/23/2023 12:00:00 AM,,22339,Active,3/23/2023 11:08:06 AM,,1102,1,Active - Full Time,Granite Advisory Services P.C.,1102,"BAPTISTE-NEWMAN,DENISE",BAPTISTE-NEWMAN,DENISE,611287641,1,,N/A,Employed - Full Time,1,1,N/A,,,,,,,False
22328,3/23/2023 12:00:00 AM,,22342,Active,3/23/2023 11:08:10 AM,,1102,1,Active - Full Time,Granite Advisory Services P.C.,1102,"BEACH STARUK,ALICA",BEACH STARUK,ALICA,367942114,1,,N/A,Employed - Full Time,1,1,N/A,,,,,,,False
24855,1/1/2024 12:00:00 AM,10/25/2024 12:00:00 AM,25440,Inactive,12/28/2023 11:31:20 AM,,1155,2,Active - Part Time,Village of Brookfield,1155,"Jordan,Tammy",Jordan,Tammy,,2,,N/A,Terminated,9,1,N/A,,,,,,,False
26186,3/2/2020 12:00:00 AM,1/18/2024 12:00:00 AM,27542,Active,1/19/2024 9:24:36 AM,3/2/2020 12:00:00 AM,1270,1,Active - Full Time,McElroy Packaging Inc,1270,"Hilty,Cody",Hilty,Cody,272983192,1,10/22/1994 12:00:00 AM,N/A,Terminated,9,1,N/A,,,,,,,False
26192,1/24/2024 12:00:00 AM,1/23/2024 12:00:00 AM,27611,Active,1/24/2024 8:45:40 AM,7/31/2023 12:00:00 AM,1270,1,Active - Full Time,McElroy Packaging Inc,1270,"Benito,David",Benito,David,016575645,1,,N/A,Terminated,9,1,N/A,,,,,,,False
26239,1/1/2022 12:00:00 AM,,27726,Active,2/10/2024 9:47:14 AM,,550,1,Active - Full Time,Clearwater Media Productions,550,"BENOIT,CHARLOTTE",BENOIT,CHARLOTTE,,1,,N/A,Employed - Full Time,1,1,N/A,,,,,,,False
26240,1/1/2022 12:00:00 AM,,27727,Active,2/10/2024 9:47:15 AM,,550,1,Active - Full Time,Clearwater Media Productions,550,"CINCOTTA,HANAH",CINCOTTA,HANAH,,1,,N/A,Employed - Full Time,1,1,N/A,,,,,,,False
26241,1/1/2022 12:00:00 AM,,27728,Active,2/10/2024 9:47:15 AM,,550,1,Active - Full Time,Clearwater Media Productions,550,"DE GONZALEZ,ALEXANDRA",DE GONZALEZ,ALEXANDRA,,1,,N/A,Employed - Full Time,1,1,N/A,,,,,,,False
26242,1/1/2022 12:00:00 AM,,27729,Active,2/10/2024 9:47:15 AM,,550,1,Active - Full Time,Clearwater Media Productions,550,"DE MARCO,VIOLET",DE MARCO,VIOLET,,1,,N/A,Employed - Full Time,1,1,N/A,,,,,,,False
26243,1/1/2022 12:00:00 AM,,27730,Active,2/10/2024 9:47:16 AM,,550,1,Active - Full Time,Clearwater Media Productions,550,"DORGAN,MARK",DORGAN,MARK,,1,,N/A,Employed - Full Time,1,1,N/A,,,,,,,False
26244,1/1/2022 12:00:00 AM,8/16/2024 12:00:00 AM,27731,Inactive,2/10/2024 9:47:17 AM,,550,2,Active - Part Time,Clearwater Media Productions,550,"LI,MICHELLE",LI,MICHELLE,,2,,N/A,Terminated,9,1,N/A,,,,,,,False
26245,1/1/2022 12:00:00 AM,,27732,Active,2/10/2024 9:47:17 AM,,550,1,Active - Full Time,Clearwater Media Productions,550,"MCCOY,TIMOTHY",MCCOY,TIMOTHY,,1,,N/A,Employed - Full Time,1,1,N/A,,,,,,,False
26246,1/1/2022 12:00:00 AM,,27733,Active,2/10/2024 9:47:17 AM,,550,1,Active - Full Time,Clearwater Media Productions,550,"ORSINI,NICOLE",ORSINI,NICOLE,,1,,N/A,Employed - Full Time,1,1,N/A,,,,,,,False
26247,1/1/2022 12:00:00 AM,,27734,Active,2/10/2024 9:47:17 AM,,550,1,Active - Full Time,Clearwater Media Productions,550,"SANDBERG,MICHAELA",SANDBERG,MICHAELA,,1,,N/A,Employed - Full Time,1,1,N/A,,,,,,,False
26248,1/1/2022 12:00:00 AM,5/15/2024 12:00:00 AM,27735,Inactive,2/10/2024 9:47:18 AM,,550,2,Active - Part Time,Clearwater Media Productions,550,"WYNKOOP,MORGAN",WYNKOOP,MORGAN,,2,,N/A,Terminated,9,1,N/A,,,,,,,False
26249,1/1/2022 12:00:00 AM,,27736,Active,2/10/2024 9:51:15 AM,,550,1,Active - Full Time,Clearwater Media Productions,550,"ALEXANDER,JENNY",ALEXANDER,JENNY,,1,,N/A,Employed - Full Time,1,1,N/A,,,,,,,False
26250,1/1/2022 12:00:00 AM,,27737,Active,2/10/2024 9:51:15 AM,,550,1,Active - Full Time,Clearwater Media Productions,550,"AVISHAI,BEN",AVISHAI,BEN,,1,,N/A,Employed - Full Time,1,1,N/A,,,,,,,False
26251,1/1/2022 12:00:00 AM,,27738,Active,2/10/2024 9:51:15 AM,,550,1,Active - Full Time,Clearwater Media Productions,550,"BEECHER,JESSIE",BEECHER,JESSIE,,1,,N/A,Employed - Full Time,1,1,N/A,,,,,,,False
26252,1/1/2022 12:00:00 AM,,27739,Active,2/10/2024 9:51:16 AM,,550,1,Active - Full Time,Clearwater Media Productions,550,"CARLSEN,JAMES",CARLSEN,JAMES,,1,,Direct Deposit,Employed - Full Time,1,1,N/A,Bank of America,011000138,Checking,004609402160,211,2,False
26253,1/1/2022 12:00:00 AM,,27740,Active,2/10/2024 9:51:17 AM,,550,1,Active - Full Time,Clearwater Media Productions,550,"DOHERTY,JENNIFER",DOHERTY,JENNIFER,,1,,N/A,Employed - Full Time,1,1,N/A,,,,,,,False
26254,1/1/2022 12:00:00 AM,,27741,Active,2/10/2024 9:51:18 AM,,550,1,Active - Full Time,Clearwater Media Productions,550,"FUKUSHIMA,GLENN",FUKUSHIMA,GLENN,,1,,N/A,Employed - Full Time,1,1,N/A,,,,,,,False
26255,1/1/2022 12:00:00 AM,,27742,Active,2/10/2024 9:51:18 AM,,550,1,Active - Full Time,Clearwater Media Productions,550,"KUKURA,ANDREW",KUKURA,ANDREW,,1,,N/A,Employed - Full Time,1,1,N/A,,,,,,,False
26256,1/1/2022 12:00:00 AM,,27743,Active,2/10/2024 9:51:18 AM,,550,1,Active - Full Time,Clearwater Media Productions,550,"LAY,TIMOTHY",LAY,TIMOTHY,,1,,N/A,Employed - Full Time,1,1,N/A,,,,,,,False
26257,1/1/2022 12:00:00 AM,,27744,Active,2/10/2024 9:51:19 AM,,550,1,Active - Full Time,Clearwater Media Productions,550,"MACLEAN,MATTHEW",MACLEAN,MATTHEW,,1,,N/A,Employed - Full Time,1,1,N/A,,,,,,,False
26258,1/1/2022 12:00:00 AM,10/4/2024 12:00:00 AM,27745,Inactive,2/10/2024 9:51:20 AM,,550,2,Active - Part Time,Clearwater Media Productions,550,"RIPPEL,ELENA",RIPPEL,ELENA,,2,,N/A,Terminated,9,1,N/A,,,,,,,False
26259,1/1/2022 12:00:00 AM,3/29/2024 12:00:00 AM,27746,Inactive,2/10/2024 9:51:21 AM,,550,2,Active - Part Time,Clearwater Media Productions,550,"ROTMAN,LEONARD",ROTMAN,LEONARD,,2,,N/A,Terminated,9,1,N/A,,,,,,,False
26260,1/1/2022 12:00:00 AM,,27747,Active,2/10/2024 9:51:21 AM,,550,1,Active - Full Time,Clearwater Media Productions,550,"SCHIPELLITE,EVAN",SCHIPELLITE,EVAN,,1,,Direct Deposit,Employed - Full Time,1,1,N/A,TD Bank,211370545,Checking,8252314435,210,2,False
26261,1/1/2022 12:00:00 AM,,27748,Active,2/10/2024 9:51:22 AM,,550,1,Active - Full Time,Clearwater Media Productions,550,"SEIDL,BARBARA",SEIDL,BARBARA,,1,,N/A,Employed - Full Time,1,1,N/A,,,,,,,False
26262,1/1/2022 12:00:00 AM,,27749,Active,2/10/2024 9:51:22 AM,,550,1,Active - Full Time,Clearwater Media Productions,550,"SHAH,KUNJAL",SHAH,KUNJAL,,1,,N/A,Employed - Full Time,1,1,N/A,,,,,,,False
26343,1/1/2022 12:00:00 AM,6/1/2019 12:00:00 AM,27888,Inactive,2/12/2024 7:34:11 AM,,1071,2,Active - Part Time,"Ridgeline Manufacturing, LLC",1071,"DILUCCA,JIM",DILUCCA,JIM,,2,,N/A,Terminated,9,1,N/A,,,,,,,False
26344,1/1/2022 12:00:00 AM,,27889,Active,2/12/2024 7:34:12 AM,,1071,1,Active - Full Time,"Ridgeline Manufacturing, LLC",1071,"EASH,CORRI",EASH,CORRI,,1,,N/A,Employed - Full Time,1,1,N/A,,,,,,,False
26345,1/1/2022 12:00:00 AM,9/12/2018 12:00:00 AM,27890,Inactive,2/12/2024 7:34:13 AM,,1071,2,Active - Part Time,"Ridgeline Manufacturing, LLC",1071,"GIAUGUE,SHANE",GIAUGUE,SHANE,,2,,N/A,Terminated,9,1,N/A,,,,,,,False
27732,8/1/2024 12:00:00 AM,8/23/2024 12:00:00 AM,29801,Inactive,9/24/2024 9:28:22 AM,,1102,2,Active - Part Time,Granite Advisory Services P.C.,1102,"Donati,Diane",Donati,Diane,,2,,N/A,Terminated,9,1,N/A,,,,,,,False
27745,10/1/2024 12:00:00 AM,,29816,Active,9/30/2024 11:19:27 AM,,408,1,Active - Full Time,Columbia Corridor Association,408,"Elias,Alexis",Elias,Alexis,,1,,N/A,Employed - Full Time,1,1,N/A,,,,,,,False
27808,10/28/2024 12:00:00 AM,,29899,Active,10/28/2024 3:17:12 PM,,440,1,Active - Full Time,Maplewood Community Church,440,"Sweat,Gunter",Sweat,Gunter,,1,,N/A,Employed - Full Time,1,1,N/A,,,,,,,False
27809,10/28/2024 12:00:00 AM,,29900,Active,10/28/2024 3:27:21 PM,,440,1,Active - Full Time,Maplewood Community Church,440,"Jackson,Logan",Jackson,Logan,,1,,N/A,Employed - Full Time,1,1,N/A,,,,,,,False
27810,10/28/2024 12:00:00 AM,,29901,Active,10/28/2024 3:35:27 PM,,440,1,Active - Full Time,Maplewood Community Church,440,"Morris,Mattie",Morris,Mattie,,1,,N/A,Employed - Full Time,1,1,N/A,,,,,,,False
27813,2/1/2024 12:00:00 AM,10/9/2024 12:00:00 AM,29905,Inactive,10/29/2024 2:29:43 PM,,1102,2,Active - Part Time,Granite Advisory Services P.C.,1102,"White,Shana",White,Shana,227940789,2,,N/A,Terminated,9,1,N/A,,,,,,,False
29233,3/2/2019 12:00:00 AM,12/23/2025 12:00:00 AM,31942,Active,12/30/2025 7:55:04 AM,12/7/2018 12:00:00 AM,1270,1,Active - Full Time,McElroy Packaging Inc,1270,"Mendenhall,Jeffrey",Mendenhall,Jeffrey,299860548,1,1/11/1980 12:00:00 AM,N/A,Terminated,9,1,N/A,,,,,,,False
4419,3/22/2023 12:00:00 AM,,4433,Active,3/22/2023 11:29:22 AM,,1155,1,Active - Full Time,Village of Brookfield,1155,"AMES,DONALD",AMES,DONALD,396704917,1,,N/A,Employed - Full Time,1,1,N/A,,,,,,,False
4455,3/22/2023 12:00:00 AM,,4469,Active,3/22/2023 11:29:55 AM,,1155,1,Active - Full Time,Village of Brookfield,1155,"FARRAR,LEE",FARRAR,LEE,477848540,1,,N/A,Employed - Full Time,1,1,N/A,,,,,,,False
4457,3/22/2023 12:00:00 AM,,4471,Active,3/22/2023 11:29:56 AM,,1155,1,Active - Full Time,Village of Brookfield,1155,"GARCIA,CODY",GARCIA,CODY,390061703,1,,N/A,Employed - Full Time,1,1,N/A,,,,,,,False
4464,3/22/2023 12:00:00 AM,,4478,Active,3/22/2023 11:30:05 AM,,1155,1,Active - Full Time,Village of Brookfield,1155,"HOGGATT,PATRICIA",HOGGATT,PATRICIA,390783859,1,,N/A,Employed - Full Time,1,1,N/A,,,,,,,False
4466,3/22/2023 12:00:00 AM,,4480,Active,3/22/2023 11:30:07 AM,,1155,1,Active - Full Time,Village of Brookfield,1155,"KANTZLER,ROBIN",KANTZLER,ROBIN,396905298,1,,N/A,Employed - Full Time,1,1,N/A,,,,,,,False
4471,3/22/2023 12:00:00 AM,10/4/2024 12:00:00 AM,4485,Inactive,3/22/2023 11:30:10 AM,,1155,2,Active - Part Time,Village of Brookfield,1155,"LORD,TOD",LORD,TOD,397744349,2,,N/A,Terminated,9,1,N/A,,,,,,,False
4480,3/22/2022 12:00:00 AM,7/4/2025 12:00:00 AM,4494,Inactive,3/22/2023 11:30:18 AM,,1155,2,Active - Part Time,Village of Brookfield,1155,"MOEN,LISA",MOEN,LISA,398848464,2,,Check,Terminated,9,1,N/A,SUMMIT CREDIT UNION,275979034,Checking,1090003938800,276,1,False
4483,3/22/2023 12:00:00 AM,,4497,Active,3/22/2023 11:30:20 AM,,1155,1,Active - Full Time,Village of Brookfield,1155,"NIESEN,BEVERLY",NIESEN,BEVERLY,392749430,1,,N/A,Employed - Full Time,1,1,N/A,,,,,,,False
4488,3/22/2023 12:00:00 AM,11/19/2025 12:00:00 AM,4502,Active,3/22/2023 11:30:25 AM,,1155,1,Active - Full Time,Village of Brookfield,1155,"REDFORD,VICKI",REDFORD,VICKI,388907396,1,,Check,Terminated,9,1,N/A,Badger  Bank,075902188,Checking,397484,187,1,False
4498,3/22/2023 12:00:00 AM,,4512,Active,3/22/2023 11:30:33 AM,,1155,1,Active - Full Time,Village of Brookfield,1155,"SCHROEDL,DEREK",SCHROEDL,DEREK,396024281,1,,N/A,Employed - Full Time,1,1,N/A,,,,,,,False
20346,3/23/2023 12:00:00 AM,,20360,Active,3/23/2023 10:14:36 AM,,440,1,Active - Full Time,Maplewood Community Church,440,"BARRETT,SAMANTHA",BARRETT,SAMANTHA,255875193,1,,N/A,Employed - Full Time,1,1,N/A,,,,,,,False
20348,3/23/2023 12:00:00 AM,,20362,Inactive,3/23/2023 10:14:39 AM,,440,2,Active - Part Time,Maplewood Community Church,440,"BRECKAN,JUSTIN",BRECKAN,JUSTIN,353762622,2,,N/A,Employed - Full Time,1,1,N/A,,,,,,,False
20350,3/23/2023 12:00:00 AM,,20364,Inactive,3/23/2023 10:14:42 AM,,440,2,Active - Part Time,Maplewood Community Church,440,"CHANDLER,JAMES",CHANDLER,JAMES,256631741,2,,N/A,Employed - Full Time,1,1,N/A,,,,,,,False
20353,3/23/2023 12:00:00 AM,,20367,Inactive,3/23/2023 10:14:46 AM,,440,2,Active - Part Time,Maplewood Community Church,440,"COLE,MATTHEW",COLE,MATTHEW,256832806,2,,N/A,Employed - Full Time,1,1,N/A,,,,,,,False
20355,3/23/2023 12:00:00 AM,,20369,Inactive,3/23/2023 10:14:47 AM,,440,2,Active - Part Time,Maplewood Community Church,440,"DAVIS,AMY",DAVIS,AMY,255591830,2,,N/A,Employed - Full Time,1,1,N/A,,,,,,,False
20356,3/23/2023 12:00:00 AM,,20370,Inactive,3/23/2023 10:14:49 AM,,440,2,Active - Part Time,Maplewood Community Church,440,"DOWNER,LISA",DOWNER,LISA,253378031,2,,N/A,Employed - Full Time,1,1,N/A,,,,,,,False
20359,3/23/2023 12:00:00 AM,,20373,Inactive,3/23/2023 10:14:53 AM,,440,2,Active - Part Time,Maplewood Community Church,440,"GAMBRELL,TROY",GAMBRELL,TROY,594168204,2,,N/A,Employed - Full Time,1,1,N/A,,,,,,,False
20362,3/23/2023 12:00:00 AM,,20376,Inactive,3/23/2023 10:14:56 AM,,440,2,Active - Part Time,Maplewood Community Church,440,"GERNATT,MELANIE",GERNATT,MELANIE,257157523,2,,N/A,Employed - Full Time,1,1,N/A,,,,,,,False
20365,3/23/2023 12:00:00 AM,,20379,Active,3/23/2023 10:14:58 AM,,440,1,Active - Full Time,Maplewood Community Church,440,"GILMORE,NOLAND",GILMORE,NOLAND,431696477,1,,N/A,Employed - Full Time,1,1,N/A,,,,,,,False
20367,3/23/2023 12:00:00 AM,,20381,Inactive,3/23/2023 10:15:02 AM,,440,2,Active - Part Time,Maplewood Community Church,440,"GORMLY,SCOTT",GORMLY,SCOTT,247414691,2,,N/A,Employed - Full Time,1,1,N/A,,,,,,,False
20368,3/23/2023 12:00:00 AM,,20382,Inactive,3/23/2023 10:15:04 AM,,440,2,Active - Part Time,Maplewood Community Church,440,"HARMON,CODY",HARMON,CODY,260838469,2,,N/A,Employed - Full Time,1,1,N/A,,,,,,,False
20370,3/23/2023 12:00:00 AM,,20384,Inactive,3/23/2023 10:15:07 AM,,440,2,Active - Part Time,Maplewood Community Church,440,"HARMON,MARY",HARMON,MARY,251838456,2,,N/A,Employed - Full Time,1,1,N/A,,,,,,,False
20373,3/23/2023 12:00:00 AM,,20387,Inactive,3/23/2023 10:15:11 AM,,440,2,Active - Part Time,Maplewood Community Church,440,"HELMADOLLAR,SARA",HELMADOLLAR,SARA,228195960,2,,N/A,Employed - Full Time,1,1,N/A,,,,,,,False
20375,3/23/2023 12:00:00 AM,,20389,Active,3/23/2023 10:15:13 AM,,440,1,Active - Full Time,Maplewood Community Church,440,"HOPKINS,RICHARD",HOPKINS,RICHARD,404150823,1,,N/A,Employed - Full Time,1,1,N/A,,,,,,,False
20378,3/23/2023 12:00:00 AM,,20392,Inactive,3/23/2023 10:15:17 AM,,440,2,Active - Part Time,Maplewood Community Church,440,"HUTSON,MATTHEW",HUTSON,MATTHEW,252632237,2,,N/A,Employed - Full Time,1,1,N/A,,,,,,,False
20380,3/23/2023 12:00:00 AM,,20394,Inactive,3/23/2023 10:15:19 AM,,440,2,Active - Part Time,Maplewood Community Church,440,"KELLY,PHILLIP",KELLY,PHILLIP,252239019,2,,N/A,Employed - Full Time,1,1,N/A,,,,,,,False
20382,3/23/2023 12:00:00 AM,,20396,Inactive,3/23/2023 10:15:22 AM,,440,2,Active - Part Time,Maplewood Community Church,440,"KNOX,FRED",KNOX,FRED,257596602,2,,N/A,Employed - Full Time,1,1,N/A,,,,,,,False
20384,3/23/2023 12:00:00 AM,,20398,Active,3/23/2023 10:15:24 AM,,440,1,Active - Full Time,Maplewood Community Church,440,"LEE,ERIC",LEE,ERIC,242616003,1,,N/A,Employed - Full Time,1,1,N/A,,,,,,,False
20387,3/23/2023 12:00:00 AM,2/26/2024 12:00:00 AM,20401,Inactive,3/23/2023 10:15:27 AM,,440,2,Active - Part Time,Maplewood Community Church,440,"MCANNALLY,LAURA",MCANNALLY,LAURA,253318931,2,,N/A,Terminated,9,1,N/A,,,,,,,False
20390,3/23/2023 12:00:00 AM,,20404,Inactive,3/23/2023 10:15:31 AM,,440,2,Active - Part Time,Maplewood Community Church,440,"MELSON,KELLY",MELSON,KELLY,255793921,2,,N/A,Employed - Full Time,1,1,N/A,,,,,,,False
20392,3/23/2023 12:00:00 AM,,20406,Inactive,3/23/2023 10:15:34 AM,,440,2,Active - Part Time,Maplewood Community Church,440,"MILLER,COURTNEY",MILLER,COURTNEY,643121802,2,,N/A,Employed - Full Time,1,1,N/A,,,,,,,False
20394,3/23/2023 12:00:00 AM,,20408,Inactive,3/23/2023 10:15:36 AM,,440,2,Active - Part Time,Maplewood Community Church,440,"MUNSON,JONATHAN",MUNSON,JONATHAN,252619397,2,,N/A,Employed - Full Time,1,1,N/A,,,,,,,False
20396,3/23/2023 12:00:00 AM,,20410,Active,3/23/2023 10:15:39 AM,,440,1,Active - Full Time,Maplewood Community Church,440,"RAY,JOEL",RAY,JOEL,258434238,1,,N/A,Employed - Full Time,1,1,N/A,,,,,,,False
20399,3/23/2023 12:00:00 AM,,20413,Inactive,3/23/2023 10:15:43 AM,,440,2,Active - Part Time,Maplewood Community Church,440,"SMITH,WALLY",SMITH,WALLY,459984037,2,,N/A,Employed - Full Time,1,1,N/A,,,,,,,False
22331,3/23/2023 12:00:00 AM,,22345,Active,3/23/2023 11:08:14 AM,,1102,1,Active - Full Time,Granite Advisory Services P.C.,1102,"BELCHER,KATHLEEN",BELCHER,KATHLEEN,230069447,1,,N/A,Employed - Full Time,1,1,N/A,,,,,,,False
22334,3/23/2023 12:00:00 AM,,22348,Active,3/23/2023 11:08:18 AM,,1102,1,Active - Full Time,Granite Advisory Services P.C.,1102,"BELFIELD,MARIE",BELFIELD,MARIE,227493897,1,,N/A,Employed - Full Time,1,1,N/A,,,,,,,False
22338,3/23/2023 12:00:00 AM,6/17/2025 12:00:00 AM,22352,Inactive,3/23/2023 11:08:22 AM,,1102,2,Active - Part Time,Granite Advisory Services P.C.,1102,"BENTON,DYANA",BENTON,DYANA,230515011,2,,N/A,Terminated,9,1,N/A,,,,,,,False
22341,3/23/2023 12:00:00 AM,,22355,Active,3/23/2023 11:08:26 AM,,1102,1,Active - Full Time,Granite Advisory Services P.C.,1102,"BERMUDEZ,SASHA",BERMUDEZ,SASHA,376987488,1,,N/A,Employed - Full Time,1,1,N/A,,,,,,,False
22343,3/23/2023 12:00:00 AM,,22357,Active,3/23/2023 11:08:28 AM,,1102,1,Active - Full Time,Granite Advisory Services P.C.,1102,"BLAKESLEE,REBECCA",BLAKESLEE,REBECCA,228691672,1,,N/A,Employed - Full Time,1,1,N/A,,,,,,,False
22345,3/23/2023 12:00:00 AM,,22359,Active,3/23/2023 11:08:32 AM,,1102,1,Active - Full Time,Granite Advisory Services P.C.,1102,"BLIZZARD,LAURYN",BLIZZARD,LAURYN,229876430,1,,N/A,Employed - Full Time,1,1,N/A,,,,,,,False
22348,3/23/2023 12:00:00 AM,,22362,Active,3/23/2023 11:08:36 AM,,1102,1,Active - Full Time,Granite Advisory Services P.C.,1102,"BOLTON,QUENTIN",BOLTON,QUENTIN,224435859,1,,N/A,Employed - Full Time,1,1,N/A,,,,,,,False
22351,3/23/2023 12:00:00 AM,,22365,Active,3/23/2023 11:08:40 AM,,1102,1,Active - Full Time,Granite Advisory Services P.C.,1102,"BRADSHAW,NANCY",BRADSHAW,NANCY,231418922,1,,N/A,Employed - Full Time,1,1,N/A,,,,,,,False
22353,3/23/2023 12:00:00 AM,,22367,Active,3/23/2023 11:08:43 AM,,1102,1,Active - Full Time,Granite Advisory Services P.C.,1102,"BROOKS,BRANDON",BROOKS,BRANDON,226697450,1,,N/A,Employed - Full Time,1,1,N/A,,,,,,,False
22356,3/23/2023 12:00:00 AM,,22370,Active,3/23/2023 11:08:47 AM,,1102,1,Active - Full Time,Granite Advisory Services P.C.,1102,"BROWN,SAYVIAN",BROWN,SAYVIAN,229933295,1,,N/A,Employed - Full Time,1,1,N/A,,,,,,,False
22360,3/23/2023 12:00:00 AM,,22374,Active,3/23/2023 11:08:50 AM,,1102,1,Active - Full Time,Granite Advisory Services P.C.,1102,"BROWN,ZACHARY",BROWN,ZACHARY,231391216,1,,N/A,Employed - Full Time,1,1,N/A,,,,,,,False
22364,3/23/2023 12:00:00 AM,7/25/2025 12:00:00 AM,22378,Active,3/23/2023 11:08:54 AM,,1102,1,Active - Full Time,Granite Advisory Services P.C.,1102,"BROWN JR,COLLIN",BROWN JR,COLLIN,223891795,1,,N/A,Terminated,9,1,N/A,,,,,,,False
22367,3/23/2023 12:00:00 AM,,22381,Active,3/23/2023 11:08:58 AM,,1102,1,Active - Full Time,Granite Advisory Services P.C.,1102,"BROWN-ALLEN,SELENA",BROWN-ALLEN,SELENA,228796717,1,,N/A,Employed - Full Time,1,1,N/A,,,,,,,False
22371,3/23/2023 12:00:00 AM,,22385,Active,3/23/2023 11:09:01 AM,,1102,1,Active - Full Time,Granite Advisory Services P.C.,1102,"BURKS,STEPHEN",BURKS,STEPHEN,226456591,1,,N/A,Employed - Full Time,1,1,N/A,,,,,,,False
22374,3/23/2023 12:00:00 AM,,22388,Active,3/23/2023 11:09:04 AM,,1102,1,Active - Full Time,Granite Advisory Services P.C.,1102,"CAMPBELL,JESSICA",CAMPBELL,JESSICA,230618235,1,,N/A,Employed - Full Time,1,1,N/A,,,,,,,False
22377,3/23/2023 12:00:00 AM,,22391,Active,3/23/2023 11:09:08 AM,,1102,1,Active - Full Time,Granite Advisory Services P.C.,1102,"CAMPISCIANO-CALL,JOSEPHINE",CAMPISCIANO-CALL,JOSEPHINE,571397020,1,,N/A,Employed - Full Time,1,1,N/A,,,,,,,False
22380,3/23/2023 12:00:00 AM,,22394,Active,3/23/2023 11:09:11 AM,,1102,1,Active - Full Time,Granite Advisory Services P.C.,1102,"GRIFFIN,RENEE",GRIFFIN,RENEE,230675259,1,,Check,Employed - Full Time,1,1,N/A,ALLY BANK,124003116,Savings,2239669548,298,1,False
22383,3/23/2023 12:00:00 AM,,22397,Active,3/23/2023 11:09:15 AM,,1102,1,Active - Full Time,Granite Advisory Services P.C.,1102,"CARROLL,TIFFANY",CARROLL,TIFFANY,231559661,1,,N/A,Employed - Full Time,1,1,N/A,,,,,,,False
22386,3/23/2023 12:00:00 AM,,22400,Active,3/23/2023 11:09:19 AM,,1102,1,Active - Full Time,Granite Advisory Services P.C.,1102,"CARTER,MARISSA",CARTER,MARISSA,228774096,1,,N/A,Employed - Full Time,1,1,N/A,,,,,,,False
22390,3/23/2023 12:00:00 AM,,22404,Active,3/23/2023 11:09:22 AM,,1102,1,Active - Full Time,Granite Advisory Services P.C.,1102,"CARTER,MERCEDES",CARTER,MERCEDES,225651976,1,,N/A,Employed - Full Time,1,1,N/A,,,,,,,False
22393,3/23/2023 12:00:00 AM,,22407,Active,3/23/2023 11:09:27 AM,,1102,1,Active - Full Time,Granite Advisory Services P.C.,1102,"CHANN,JIMMY",CHANN,JIMMY,553850720,1,,N/A,Employed - Full Time,1,1,N/A,,,,,,,False
22397,3/23/2023 12:00:00 AM,,22411,Active,3/23/2023 11:09:31 AM,,1102,1,Active - Full Time,Granite Advisory Services P.C.,1102,"CHRISTIANSEN,BRITTANY",CHRISTIANSEN,BRITTANY,223417931,1,,N/A,Employed - Full Time,1,1,N/A,,,,,,,False
22401,3/23/2023 12:00:00 AM,,22415,Active,3/23/2023 11:09:35 AM,,1102,1,Active - Full Time,Granite Advisory Services P.C.,1102,"CLARK,NICHOLAS",CLARK,NICHOLAS,226735942,1,,N/A,Employed - Full Time,1,1,N/A,,,,,,,False
22404,3/23/2023 12:00:00 AM,,22418,Active,3/23/2023 11:09:39 AM,,1102,1,Active - Full Time,Granite Advisory Services P.C.,1102,"CLARK,PORSCHE",CLARK,PORSCHE,397025241,1,,N/A,Employed - Full Time,1,1,N/A,,,,,,,False
22407,3/23/2023 12:00:00 AM,,22421,Active,3/23/2023 11:09:43 AM,,1102,1,Active - Full Time,Granite Advisory Services P.C.,1102,"CONTORIS,JAMES",CONTORIS,JAMES,167527523,1,,N/A,Employed - Full Time,1,1,N/A,,,,,,,False
22411,3/23/2023 12:00:00 AM,,22425,Active,3/23/2023 11:09:47 AM,,1102,1,Active - Full Time,Granite Advisory Services P.C.,1102,"COOKE,DARRYL",COOKE,DARRYL,227194593,1,,N/A,Employed - Full Time,1,1,N/A,,,,,,,False
22413,3/23/2023 12:00:00 AM,,22427,Active,3/23/2023 11:09:49 AM,,1102,1,Active - Full Time,Granite Advisory Services P.C.,1102,"CORTES-LEON,JANELY",CORTES-LEON,JANELY,597966562,1,,N/A,Employed - Full Time,1,1,N/A,,,,,,,False
22415,3/23/2023 12:00:00 AM,,22429,Active,3/23/2023 11:09:52 AM,,1102,1,Active - Full Time,Granite Advisory Services P.C.,1102,"COUMES,ERIN",COUMES,ERIN,231654446,1,,N/A,Employed - Full Time,1,1,N/A,,,,,,,False
22417,3/23/2023 12:00:00 AM,,22431,Active,3/23/2023 11:09:54 AM,,1102,1,Active - Full Time,Granite Advisory Services P.C.,1102,"COX,JESSICA",COX,JESSICA,228671885,1,,N/A,Employed - Full Time,1,1,N/A,,,,,,,False
22419,3/23/2023 12:00:00 AM,,22433,Active,3/23/2023 11:09:56 AM,,1102,1,Active - Full Time,Granite Advisory Services P.C.,1102,"CRABTREE,BRANDON",CRABTREE,BRANDON,231617109,1,,N/A,Employed - Full Time,1,1,N/A,,,,,,,False
22421,3/23/2023 12:00:00 AM,,22435,Active,3/23/2023 11:09:58 AM,,1102,1,Active - Full Time,Granite Advisory Services P.C.,1102,"CRAIG,LAURA",CRAIG,LAURA,231063737,1,,N/A,Employed - Full Time,1,1,N/A,,,,,,,False
22423,3/23/2023 12:00:00 AM,7/26/2024 12:00:00 AM,22437,Inactive,3/23/2023 11:10:01 AM,,1102,2,Active - Part Time,Granite Advisory Services P.C.,1102,"CRANMER,REENA",CRANMER,REENA,223798704,2,,N/A,Terminated,9,1,N/A,,,,,,,False
22426,3/23/2023 12:00:00 AM,,22440,Active,3/23/2023 11:10:03 AM,,1102,1,Active - Full Time,Granite Advisory Services P.C.,1102,"CRUISE,CHELSEA",CRUISE,CHELSEA,242636912,1,,N/A,Employed - Full Time,1,1,N/A,,,,,,,False
22428,3/23/2023 12:00:00 AM,6/6/2025 12:00:00 AM,22442,Inactive,3/23/2023 11:10:05 AM,,1102,2,Active - Part Time,Granite Advisory Services P.C.,1102,"DA SILVA,BRENDAN",DA SILVA,BRENDAN,227719939,2,,N/A,Terminated,9,1,N/A,,,,,,,False
22430,3/23/2023 12:00:00 AM,,22444,Active,3/23/2023 11:10:07 AM,,1102,1,Active - Full Time,Granite Advisory Services P.C.,1102,"DELVECCHIO,BRIANE",DELVECCHIO,BRIANE,555917785,1,,N/A,Employed - Full Time,1,1,N/A,,,,,,,False
22432,3/23/2023 12:00:00 AM,,22446,Active,3/23/2023 11:10:09 AM,,1102,1,Active - Full Time,Granite Advisory Services P.C.,1102,"DORS,MICHAEL",DORS,MICHAEL,095746602,1,,N/A,Employed - Full Time,1,1,N/A,,,,,,,False
22434,3/23/2023 12:00:00 AM,,22448,Active,3/23/2023 11:10:11 AM,,1102,1,Active - Full Time,Granite Advisory Services P.C.,1102,"DOYLE,ELIZABETH",DOYLE,ELIZABETH,082843427,1,,N/A,Employed - Full Time,1,1,N/A,,,,,,,False
22435,3/23/2023 12:00:00 AM,,22449,Active,3/23/2023 11:10:12 AM,,1102,1,Active - Full Time,Granite Advisory Services P.C.,1102,"DRAPER,BREA",DRAPER,BREA,230658196,1,,N/A,Employed - Full Time,1,1,N/A,,,,,,,False
22437,3/23/2023 12:00:00 AM,,22451,Active,3/23/2023 11:10:14 AM,,1102,1,Active - Full Time,Granite Advisory Services P.C.,1102,"DUKE,DANIEL",DUKE,DANIEL,230413448,1,,N/A,Employed - Full Time,1,1,N/A,,,,,,,False
22439,3/23/2023 12:00:00 AM,,22453,Active,3/23/2023 11:10:16 AM,,1102,1,Active - Full Time,Granite Advisory Services P.C.,1102,"DULEY,ROBERT",DULEY,ROBERT,224804448,1,,N/A,Employed - Full Time,1,1,N/A,,,,,,,False
22441,3/23/2023 12:00:00 AM,,22455,Active,3/23/2023 11:10:19 AM,,1102,1,Active - Full Time,Granite Advisory Services P.C.,1102,"ECHOLS JR,STEVEN",ECHOLS JR,STEVEN,224653779,1,,N/A,Employed - Full Time,1,1,N/A,,,,,,,False
22443,3/23/2023 12:00:00 AM,,22457,Active,3/23/2023 11:10:21 AM,,1102,1,Active - Full Time,Granite Advisory Services P.C.,1102,"ELLINGTON,LEROY",ELLINGTON,LEROY,227392769,1,,N/A,Employed - Full Time,1,1,N/A,,,,,,,False
22445,3/23/2023 12:00:00 AM,,22459,Active,3/23/2023 11:10:23 AM,,1102,1,Active - Full Time,Granite Advisory Services P.C.,1102,"FARANTELLO,ALLEN",FARANTELLO,ALLEN,068706756,1,,N/A,Employed - Full Time,1,1,N/A,,,,,,,False
22447,3/23/2023 12:00:00 AM,,22461,Active,3/23/2023 11:10:25 AM,,1102,1,Active - Full Time,Granite Advisory Services P.C.,1102,"FORD,ABIGAIL",FORD,ABIGAIL,411919686,1,,N/A,Employed - Full Time,1,1,N/A,,,,,,,False
22449,3/23/2023 12:00:00 AM,,22463,Active,3/23/2023 11:10:27 AM,,1102,1,Active - Full Time,Granite Advisory Services P.C.,1102,"FORDHAM,ALEXIS",FORDHAM,ALEXIS,224696432,1,,N/A,Employed - Full Time,1,1,N/A,,,,,,,False
22451,3/23/2023 12:00:00 AM,,22465,Active,3/23/2023 11:10:29 AM,,1102,1,Active - Full Time,Granite Advisory Services P.C.,1102,"FREEMAN,DERRICK",FREEMAN,DERRICK,445065478,1,,N/A,Employed - Full Time,1,1,N/A,,,,,,,False
22453,3/23/2023 12:00:00 AM,,22467,Active,3/23/2023 11:10:31 AM,,1102,1,Active - Full Time,Granite Advisory Services P.C.,1102,"FRIDLEY,LAUREN",FRIDLEY,LAUREN,225590720,1,,N/A,Employed - Full Time,1,1,N/A,,,,,,,False
22455,3/23/2023 12:00:00 AM,,22469,Active,3/23/2023 11:10:32 AM,,1102,1,Active - Full Time,Granite Advisory Services P.C.,1102,"FULLER,CINDRA",FULLER,CINDRA,225081762,1,,N/A,Employed - Full Time,1,1,N/A,,,,,,,False
22456,3/23/2023 12:00:00 AM,,22470,Active,3/23/2023 11:10:34 AM,,1102,1,Active - Full Time,Granite Advisory Services P.C.,1102,"GAINEY,ROSEMARY",GAINEY,ROSEMARY,840819126,1,,N/A,Employed - Full Time,1,1,N/A,,,,,,,False
22458,3/23/2023 12:00:00 AM,,22472,Active,3/23/2023 11:10:36 AM,,1102,1,Active - Full Time,Granite Advisory Services P.C.,1102,"GARDNER,MELISSA",GARDNER,MELISSA,223352378,1,,N/A,Employed - Full Time,1,1,N/A,,,,,,,False
22460,3/23/2023 12:00:00 AM,8/9/2024 12:00:00 AM,22474,Inactive,3/23/2023 11:10:38 AM,,1102,2,Active - Part Time,Granite Advisory Services P.C.,1102,"GARNES,ALISHA",GARNES,ALISHA,225531683,2,,N/A,Terminated,9,1,N/A,,,,,,,False
22462,3/23/2023 12:00:00 AM,,22476,Active,3/23/2023 11:10:40 AM,,1102,1,Active - Full Time,Granite Advisory Services P.C.,1102,"GASPAROVIC,LUBA",GASPAROVIC,LUBA,227830631,1,,N/A,Employed - Full Time,1,1,N/A,,,,,,,False
22464,3/23/2023 12:00:00 AM,,22478,Active,3/23/2023 11:10:42 AM,,1102,1,Active - Full Time,Granite Advisory Services P.C.,1102,"GERRICK,CINDY",GERRICK,CINDY,069648298,1,,N/A,Employed - Full Time,1,1,N/A,,,,,,,False
22466,3/23/2023 12:00:00 AM,1/8/2025 12:00:00 AM,22480,Inactive,3/23/2023 11:10:44 AM,,1102,2,Active - Part Time,Granite Advisory Services P.C.,1102,"GIBSON,SARAH",GIBSON,SARAH,228731681,2,,N/A,Terminated,9,1,N/A,,,,,,,False
22467,3/23/2023 12:00:00 AM,,22481,Active,3/23/2023 11:10:46 AM,,1102,1,Active - Full Time,Granite Advisory Services P.C.,1102,"GIBSON-EVANS,TAALIYAH",GIBSON-EVANS,TAALIYAH,225878484,1,,N/A,Employed - Full Time,1,1,N/A,,,,,,,False
22469,3/23/2023 12:00:00 AM,,22483,Active,3/23/2023 11:10:48 AM,,1102,1,Active - Full Time,Granite Advisory Services P.C.,1102,"GOLDEN,TINA",GOLDEN,TINA,226194070,1,,N/A,Employed - Full Time,1,1,N/A,,,,,,,False
22470,3/23/2023 12:00:00 AM,,22484,Active,3/23/2023 11:10:49 AM,,1102,1,Active - Full Time,Granite Advisory Services P.C.,1102,"GONZALEZ,CECILIA",GONZALEZ,CECILIA,579084878,1,,N/A,Employed - Full Time,1,1,N/A,,,,,,,False
22472,3/23/2023 12:00:00 AM,,22486,Active,3/23/2023 11:10:51 AM,,1102,1,Active - Full Time,Granite Advisory Services P.C.,1102,"GRAY,ERICA",GRAY,ERICA,229219533,1,,N/A,Employed - Full Time,1,1,N/A,,,,,,,False
22474,3/23/2023 12:00:00 AM,,22488,Active,3/23/2023 11:10:53 AM,,1102,1,Active - Full Time,Granite Advisory Services P.C.,1102,"GREENE,JEANNINE",GREENE,JEANNINE,074522581,1,,N/A,Employed - Full Time,1,1,N/A,,,,,,,False
22476,3/23/2023 12:00:00 AM,,22490,Active,3/23/2023 11:10:55 AM,,1102,1,Active - Full Time,Granite Advisory Services P.C.,1102,"GRIFFIN,SAMUEL",GRIFFIN,SAMUEL,257779161,1,,N/A,Employed - Full Time,1,1,N/A,,,,,,,False
22478,3/23/2023 12:00:00 AM,,22492,Active,3/23/2023 11:10:57 AM,,1102,1,Active - Full Time,Granite Advisory Services P.C.,1102,"GRINDSTAFF,GRANT",GRINDSTAFF,GRANT,227792527,1,,N/A,Employed - Full Time,1,1,N/A,,,,,,,False
22480,3/23/2023 12:00:00 AM,,22494,Active,3/23/2023 11:10:59 AM,,1102,1,Active - Full Time,Granite Advisory Services P.C.,1102,"GUNNELL,JESSICA",GUNNELL,JESSICA,224578052,1,,N/A,Employed - Full Time,1,1,N/A,,,,,,,False
22482,3/23/2023 12:00:00 AM,,22496,Active,3/23/2023 11:11:01 AM,,1102,1,Active - Full Time,Granite Advisory Services P.C.,1102,"GUNNELL,STEFANI",GUNNELL,STEFANI,231590457,1,,N/A,Employed - Full Time,1,1,N/A,,,,,,,False
22484,3/23/2023 12:00:00 AM,,22498,Active,3/23/2023 11:11:03 AM,,1102,1,Active - Full Time,Granite Advisory Services P.C.,1102,"GUSLER,RACHAEL",GUSLER,RACHAEL,227678830,1,,N/A,Employed - Full Time,1,1,N/A,,,,,,,False
22486,3/23/2023 12:00:00 AM,,22500,Active,3/23/2023 11:11:05 AM,,1102,1,Active - Full Time,Granite Advisory Services P.C.,1102,"GUZMAN MONROY,JEHIMY",GUZMAN MONROY,JEHIMY,738308328,1,,N/A,Employed - Full Time,1,1,N/A,,,,,,,False
22487,3/23/2023 12:00:00 AM,,22501,Active,3/23/2023 11:11:07 AM,,1102,1,Active - Full Time,Granite Advisory Services P.C.,1102,"HAIRSTON,VANTAISHA",HAIRSTON,VANTAISHA,225835232,1,,N/A,Employed - Full Time,1,1,N/A,,,,,,,False
22489,3/23/2023 12:00:00 AM,,22503,Active,3/23/2023 11:11:09 AM,,1102,1,Active - Full Time,Granite Advisory Services P.C.,1102,"HALL,ASHLEY",HALL,ASHLEY,231431339,1,,N/A,Employed - Full Time,1,1,N/A,,,,,,,False
22492,3/23/2023 12:00:00 AM,,22506,Active,3/23/2023 11:11:12 AM,,1102,1,Active - Full Time,Granite Advisory Services P.C.,1102,"HALL,JANETTE",HALL,JANETTE,228355627,1,,N/A,Employed - Full Time,1,1,N/A,,,,,,,False
22494,3/23/2023 12:00:00 AM,,22508,Active,3/23/2023 11:11:13 AM,,1102,1,Active - Full Time,Granite Advisory Services P.C.,1102,"HALL,JENIFER",HALL,JENIFER,223410695,1,,N/A,Employed - Full Time,1,1,N/A,,,,,,,False
22496,3/23/2023 12:00:00 AM,,22510,Active,3/23/2023 11:11:15 AM,,1102,1,Active - Full Time,Granite Advisory Services P.C.,1102,"HALL,TATYANA",HALL,TATYANA,230813854,1,,N/A,Employed - Full Time,1,1,N/A,,,,,,,False
22499,3/23/2023 12:00:00 AM,,22513,Active,3/23/2023 11:11:17 AM,,1102,1,Active - Full Time,Granite Advisory Services P.C.,1102,"HALLIGAN,JENNIFER",HALLIGAN,JENNIFER,224311189,1,,N/A,Employed - Full Time,1,1,N/A,,,,,,,False
22502,3/23/2023 12:00:00 AM,,22516,Active,3/23/2023 11:11:19 AM,,1102,1,Active - Full Time,Granite Advisory Services P.C.,1102,"HARRIS,KASEY",HARRIS,KASEY,223679949,1,,N/A,Employed - Full Time,1,1,N/A,,,,,,,False
22505,3/23/2023 12:00:00 AM,,22519,Active,3/23/2023 11:11:21 AM,,1102,1,Active - Full Time,Granite Advisory Services P.C.,1102,"HARTT,KRYSTAL",HARTT,KRYSTAL,645018799,1,,N/A,Employed - Full Time,1,1,N/A,,,,,,,False
22507,3/23/2023 12:00:00 AM,,22521,Active,3/23/2023 11:11:23 AM,,1102,1,Active - Full Time,Granite Advisory Services P.C.,1102,"HAYNES,GREGORY",HAYNES,GREGORY,231025620,1,,N/A,Employed - Full Time,1,1,N/A,,,,,,,False
22510,3/23/2023 12:00:00 AM,,22524,Active,3/23/2023 11:11:25 AM,,1102,1,Active - Full Time,Granite Advisory Services P.C.,1102,"HELBERT,KOLTON",HELBERT,KOLTON,228693785,1,,N/A,Employed - Full Time,1,1,N/A,,,,,,,False
22514,3/23/2023 12:00:00 AM,,22528,Active,3/23/2023 11:11:28 AM,,1102,1,Active - Full Time,Granite Advisory Services P.C.,1102,"HENRY,MARLENA",HENRY,MARLENA,228695755,1,,N/A,Employed - Full Time,1,1,N/A,,,,,,,False
22517,3/23/2023 12:00:00 AM,,22531,Active,3/23/2023 11:11:31 AM,,1102,1,Active - Full Time,Granite Advisory Services P.C.,1102,"HENTGES,LUCY",HENTGES,LUCY,095744571,1,,N/A,Employed - Full Time,1,1,N/A,,,,,,,False
22520,3/23/2023 12:00:00 AM,,22534,Active,3/23/2023 11:11:33 AM,,1102,1,Active - Full Time,Granite Advisory Services P.C.,1102,"HERNANDEZ,JOCELYN",HERNANDEZ,JOCELYN,223853936,1,,N/A,Employed - Full Time,1,1,N/A,,,,,,,False
22524,3/23/2023 12:00:00 AM,,22538,Active,3/23/2023 11:11:36 AM,,1102,1,Active - Full Time,Granite Advisory Services P.C.,1102,"HESS,JULIE",HESS,JULIE,224414323,1,,N/A,Employed - Full Time,1,1,N/A,,,,,,,False
22526,3/23/2023 12:00:00 AM,,22540,Active,3/23/2023 11:11:38 AM,,1102,1,Active - Full Time,Granite Advisory Services P.C.,1102,"HILL III,SOLOMON",HILL III,SOLOMON,223679067,1,,N/A,Employed - Full Time,1,1,N/A,,,,,,,False
22530,3/23/2023 12:00:00 AM,,22544,Active,3/23/2023 11:11:42 AM,,1102,1,Active - Full Time,Granite Advisory Services P.C.,1102,"HILL JR,JESSE",HILL JR,JESSE,231398550,1,,N/A,Employed - Full Time,1,1,N/A,,,,,,,False
22533,3/23/2023 12:00:00 AM,,22547,Active,3/23/2023 11:11:45 AM,,1102,1,Active - Full Time,Granite Advisory Services P.C.,1102,"HINES,CRYSTAL",HINES,CRYSTAL,230454032,1,,N/A,Employed - Full Time,1,1,N/A,,,,,,,False
22537,3/23/2023 12:00:00 AM,,22551,Active,3/23/2023 11:11:48 AM,,1102,1,Active - Full Time,Granite Advisory Services P.C.,1102,"HISLE,CALLAN",HISLE,CALLAN,280904701,1,,N/A,Employed - Full Time,1,1,N/A,,,,,,,False
22540,3/23/2023 12:00:00 AM,,22554,Active,3/23/2023 11:11:52 AM,,1102,1,Active - Full Time,Granite Advisory Services P.C.,1102,"HOPKINS,MATTHEW",HOPKINS,MATTHEW,228612892,1,,N/A,Employed - Full Time,1,1,N/A,,,,,,,False
26346,1/1/2022 12:00:00 AM,10/1/2019 12:00:00 AM,27891,Inactive,2/12/2024 7:34:13 AM,,1071,2,Active - Part Time,"Ridgeline Manufacturing, LLC",1071,"GUTHRIE,ROBERT",GUTHRIE,ROBERT,,2,,N/A,Terminated,9,1,N/A,,,,,,,False
26347,1/1/2022 12:00:00 AM,2/1/2019 12:00:00 AM,27892,Inactive,2/12/2024 7:34:13 AM,,1071,2,Active - Part Time,"Ridgeline Manufacturing, LLC",1071,"HIDER,BRADLEY",HIDER,BRADLEY,,2,,N/A,Terminated,9,1,N/A,,,,,,,False
26348,1/1/2022 12:00:00 AM,,27893,Active,2/12/2024 7:34:13 AM,,1071,1,Active - Full Time,"Ridgeline Manufacturing, LLC",1071,"HOOSER,JUDITH",HOOSER,JUDITH,,1,,N/A,Employed - Full Time,1,1,N/A,,,,,,,False
26349,1/1/2022 12:00:00 AM,11/30/2023 12:00:00 AM,27894,Inactive,2/12/2024 7:34:14 AM,,1071,2,Active - Part Time,"Ridgeline Manufacturing, LLC",1071,"MERILLAT,ERIC",MERILLAT,ERIC,,2,,N/A,Terminated,9,1,N/A,,,,,,,False
26350,1/1/2022 12:00:00 AM,,27895,Active,2/12/2024 7:34:14 AM,,1071,1,Active - Full Time,"Ridgeline Manufacturing, LLC",1071,"MOORE,ROBERT",MOORE,ROBERT,,1,,N/A,Employed - Full Time,1,1,N/A,,,,,,,False
26351,1/1/2022 12:00:00 AM,3/1/2020 12:00:00 AM,27896,Inactive,2/12/2024 7:34:14 AM,,1071,2,Active - Part Time,"Ridgeline Manufacturing, LLC",1071,"PIPHER,JAMES",PIPHER,JAMES,,2,,N/A,Terminated,9,1,N/A,,,,,,,False
26352,1/1/2022 12:00:00 AM,11/30/2023 12:00:00 AM,27897,Inactive,2/12/2024 7:34:14 AM,,1071,2,Active - Part Time,"Ridgeline Manufacturing, LLC",1071,"RUPPERT,JACK",RUPPERT,JACK,,2,,N/A,Terminated,9,1,N/A,,,,,,,False
26353,1/1/2022 12:00:00 AM,2/1/2019 12:00:00 AM,27898,Inactive,2/12/2024 7:34:15 AM,,1071,2,Active - Part Time,"Ridgeline Manufacturing, LLC",1071,"VAUGHN,DENNIS",VAUGHN,DENNIS,,2,,N/A,Terminated,9,1,N/A,,,,,,,False
27931,11/19/2024 12:00:00 AM,,30067,Active,11/19/2024 12:22:46 PM,,1155,1,Active - Full Time,Village of Brookfield,1155,"SEEMAN,SAMANTHA",SEEMAN,SAMANTHA,,1,,N/A,Employed - Full Time,1,1,N/A,,,,,,,False
29387,12/12/2019 12:00:00 AM,1/14/2026 12:00:00 AM,32116,Active,1/16/2026 2:33:38 PM,9/12/2019 12:00:00 AM,1270,1,Active - Full Time,McElroy Packaging Inc,1270,"Burgan,Curtis",Burgan,Curtis,289027523,1,,N/A,Terminated,9,1,N/A,,,,,,,False
29483,2/24/2026 12:00:00 AM,,32262,Active,2/24/2026 9:18:12 AM,,440,1,Active - Full Time,Maplewood Community Church,440,"Chastain,Molly",Chastain,Molly,,1,,N/A,Employed - Full Time,1,1,N/A,,,,,,,False
29484,2/24/2026 12:00:00 AM,,32263,Active,2/24/2026 9:20:15 AM,10/15/2025 12:00:00 AM,440,1,Active - Full Time,Maplewood Community Church,440,"Compton,Shonte",Compton,Shonte,,1,,N/A,Employed - Full Time,1,1,N/A,,,,,,,False
29485,2/24/2026 12:00:00 AM,,32264,Active,2/24/2026 9:25:10 AM,11/1/2025 12:00:00 AM,440,1,Active - Full Time,Maplewood Community Church,440,"Conner,Ryan",Conner,Ryan,,1,,N/A,Employed - Full Time,1,1,N/A,,,,,,,False
29486,2/24/2026 12:00:00 AM,,32265,Active,2/24/2026 9:26:31 AM,5/1/2025 12:00:00 AM,440,1,Active - Full Time,Maplewood Community Church,440,"McKee,Ronald",McKee,Ronald,,1,,N/A,Employed - Full Time,1,1,N/A,,,,,,,False
29493,8/18/2025 12:00:00 AM,2/24/2026 12:00:00 AM,32281,Active,2/25/2026 1:16:14 PM,8/18/2025 12:00:00 AM,1270,1,Active - Full Time,McElroy Packaging Inc,1270,"Frame,William",Frame,William,268740572,1,,N/A,Terminated,9,1,N/A,,,,,,,False
20821,3/23/2023 12:00:00 AM,,20835,Inactive,3/23/2023 10:39:41 AM,,221,2,Active - Part Time,Horizon Benefits Group,221,"ABBOTT,JOHN",ABBOTT,JOHN,034643659,2,,N/A,Employed - Full Time,1,1,N/A,,,,,,,False
20823,1/1/2022 12:00:00 AM,,20837,Inactive,3/23/2023 10:39:43 AM,,221,2,Active - Part Time,Horizon Benefits Group,221,"BEATON,JAMES",BEATON,JAMES,026507694,2,,N/A,Employed - Full Time,1,1,N/A,,,,,,,False
20826,1/1/2022 12:00:00 AM,,20840,Active,3/23/2023 10:39:45 AM,,221,1,Active - Full Time,Horizon Benefits Group,221,"CAPPIELLO,MARY",CAPPIELLO,MARY,032525317,1,,N/A,Employed - Full Time,1,1,N/A,,,,,,,False
20828,1/1/2022 12:00:00 AM,,20842,Active,3/23/2023 10:39:47 AM,,221,1,Active - Full Time,Horizon Benefits Group,221,"CHAMBERS,JAMES",CHAMBERS,JAMES,021480171,1,,N/A,Employed - Full Time,1,1,N/A,,,,,,,False
20830,1/1/2022 12:00:00 AM,,20844,Active,3/23/2023 10:39:50 AM,,221,1,Active - Full Time,Horizon Benefits Group,221,"CONNOR,JAYSON",CONNOR,JAYSON,015687683,1,,N/A,Employed - Full Time,1,1,N/A,,,,,,,False
20832,3/23/2023 12:00:00 AM,,20846,Inactive,3/23/2023 10:39:52 AM,,221,2,Active - Part Time,Horizon Benefits Group,221,"DUDLEY,VICTOR",DUDLEY,VICTOR,478784181,2,,N/A,Employed - Full Time,1,1,N/A,,,,,,,False
20834,1/1/2022 12:00:00 AM,,20848,Active,3/23/2023 10:39:54 AM,,221,1,Active - Full Time,Horizon Benefits Group,221,"EORI,MICHAEL",EORI,MICHAEL,019584095,1,,N/A,Employed - Full Time,1,1,N/A,,,,,,,False
20836,1/1/2022 12:00:00 AM,,20850,Active,3/23/2023 10:39:57 AM,,221,1,Active - Full Time,Horizon Benefits Group,221,"HINCMAN,JEFFREY",HINCMAN,JEFFREY,024643705,1,,N/A,Employed - Full Time,1,1,N/A,,,,,,,False
20838,1/1/2022 12:00:00 AM,,20852,Active,3/23/2023 10:39:59 AM,,221,1,Active - Full Time,Horizon Benefits Group,221,"HOWARD,KEVIN",HOWARD,KEVIN,014642069,1,,N/A,Employed - Full Time,1,1,N/A,,,,,,,False
20841,3/23/2023 12:00:00 AM,,20855,Inactive,3/23/2023 10:40:02 AM,,221,2,Active - Part Time,Horizon Benefits Group,221,"KUCERA,ROBERT",KUCERA,ROBERT,352642358,2,,N/A,Employed - Full Time,1,1,N/A,,,,,,,False
20844,3/23/2023 12:00:00 AM,,20858,Inactive,3/23/2023 10:40:06 AM,,221,2,Active - Part Time,Horizon Benefits Group,221,"LAPOMARDO,ANTHONY",LAPOMARDO,ANTHONY,020626820,2,,N/A,Employed - Full Time,1,1,N/A,,,,,,,False
20848,3/23/2023 12:00:00 AM,,20861,Inactive,3/23/2023 10:40:10 AM,,221,2,Active - Part Time,Horizon Benefits Group,221,"LEONARDO,FRANK",LEONARDO,FRANK,012366116,2,,N/A,Employed - Full Time,1,1,N/A,,,,,,,False
20851,3/23/2023 12:00:00 AM,,20865,Inactive,3/23/2023 10:40:14 AM,,221,2,Active - Part Time,Horizon Benefits Group,221,"LYONS,PATRICE",LYONS,PATRICE,012544714,2,,N/A,Employed - Full Time,1,1,N/A,,,,,,,False
20855,3/23/2023 12:00:00 AM,,20869,Inactive,3/23/2023 10:40:17 AM,,221,2,Active - Part Time,Horizon Benefits Group,221,"MAGER,BRANDON",MAGER,BRANDON,023788700,2,,N/A,Employed - Full Time,1,1,N/A,,,,,,,False
20857,3/23/2023 12:00:00 AM,,20871,Inactive,3/23/2023 10:40:20 AM,,221,2,Active - Part Time,Horizon Benefits Group,221,"MULLEN,BRUCE",MULLEN,BRUCE,312729184,2,,N/A,Employed - Full Time,1,1,N/A,,,,,,,False
20861,1/1/2022 12:00:00 AM,,20875,Active,3/23/2023 10:40:24 AM,,221,1,Active - Full Time,Horizon Benefits Group,221,"MURPHY,PATRICK",MURPHY,PATRICK,022765011,1,,N/A,Employed - Full Time,1,1,N/A,,,,,,,False
20864,3/23/2023 12:00:00 AM,,20878,Inactive,3/23/2023 10:40:27 AM,,221,2,Active - Part Time,Horizon Benefits Group,221,"NAGLE,WILLIAM",NAGLE,WILLIAM,017427330,2,,N/A,Employed - Full Time,1,1,N/A,,,,,,,False
20867,3/23/2023 12:00:00 AM,,20881,Inactive,3/23/2023 10:40:30 AM,,221,2,Active - Part Time,Horizon Benefits Group,221,"NICHOLS,CASSANDRA",NICHOLS,CASSANDRA,013749962,2,,N/A,Employed - Full Time,1,1,N/A,,,,,,,False
20870,1/1/2022 12:00:00 AM,,20884,Active,3/23/2023 10:40:34 AM,,221,1,Active - Full Time,Horizon Benefits Group,221,"NICKERSON,GARY",NICKERSON,GARY,015441068,1,,N/A,Employed - Full Time,1,1,N/A,,,,,,,False
20874,1/1/2022 12:00:00 AM,,20888,Active,3/23/2023 10:40:37 AM,,221,1,Active - Full Time,Horizon Benefits Group,221,"PICARIELLO JR,ANTHONY",PICARIELLO JR,ANTHONY,028567655,1,,N/A,Employed - Full Time,1,1,N/A,,,,,,,False
20877,1/1/2022 12:00:00 AM,,20891,Active,3/23/2023 10:40:41 AM,,221,1,Active - Full Time,Horizon Benefits Group,221,"RANSOM,EARL",RANSOM,EARL,033504169,1,,N/A,Employed - Full Time,1,1,N/A,,,,,,,False
20881,1/1/2022 12:00:00 AM,,20895,Active,3/23/2023 10:40:44 AM,,221,1,Active - Full Time,Horizon Benefits Group,221,"ROGERS,JONATHAN",ROGERS,JONATHAN,001507946,1,,N/A,Employed - Full Time,1,1,N/A,,,,,,,False
20884,3/23/2023 12:00:00 AM,,20898,Inactive,3/23/2023 10:40:47 AM,,221,2,Active - Part Time,Horizon Benefits Group,221,"ROSE,RICHARD",ROSE,RICHARD,027588592,2,,N/A,Employed - Full Time,1,1,N/A,,,,,,,False
20888,1/1/2022 12:00:00 AM,,20902,Active,3/23/2023 10:40:51 AM,,221,1,Active - Full Time,Horizon Benefits Group,221,"RUSSO,JANICE",RUSSO,JANICE,026507570,1,8/19/1963 12:00:00 AM,Check,Employed - Full Time,1,1,N/A,EASTERN BANK,011301798,Checking,406530135,377,1,False
20888,1/1/2022 12:00:00 AM,,20902,Active,3/23/2023 10:40:51 AM,,221,1,Active - Full Time,Horizon Benefits Group,221,"RUSSO,JANICE",RUSSO,JANICE,026507570,1,8/19/1963 12:00:00 AM,Direct Deposit,Employed - Full Time,1,1,N/A,SANTANDER BANK,011075150,Checking,39704888971,39,2,False
20890,3/23/2023 12:00:00 AM,,20904,Inactive,3/23/2023 10:40:54 AM,,221,2,Active - Part Time,Horizon Benefits Group,221,"RYAN,ROBERT",RYAN,ROBERT,000121234,2,,N/A,Employed - Full Time,1,1,N/A,,,,,,,False
20893,3/23/2023 12:00:00 AM,,20907,Inactive,3/23/2023 10:40:57 AM,,221,2,Active - Part Time,Horizon Benefits Group,221,"SALISBURY,RYAN",SALISBURY,RYAN,033665418,2,,N/A,Employed - Full Time,1,1,N/A,,,,,,,False
20897,3/23/2023 12:00:00 AM,,20911,Inactive,3/23/2023 10:41:01 AM,,221,2,Active - Part Time,Horizon Benefits Group,221,"SCHLITTER,CRAIG",SCHLITTER,CRAIG,043902963,2,,N/A,Employed - Full Time,1,1,N/A,,,,,,,False
20900,1/1/2022 12:00:00 AM,,20914,Active,3/23/2023 10:41:04 AM,,221,1,Active - Full Time,Horizon Benefits Group,221,"SNYDER,JEFFREY",SNYDER,JEFFREY,011525655,1,,N/A,Non-Participant,10,1,N/A,,,,,,,False
20905,3/23/2023 12:00:00 AM,,20919,Inactive,3/23/2023 10:41:08 AM,,221,2,Active - Part Time,Horizon Benefits Group,221,"SODERQUIST,JEFFREY",SODERQUIST,JEFFREY,030681799,2,,N/A,Employed - Full Time,1,1,N/A,,,,,,,False
20908,3/23/2023 12:00:00 AM,,20922,Inactive,3/23/2023 10:41:11 AM,,221,2,Active - Part Time,Horizon Benefits Group,221,"TEMPLE,DEAN",TEMPLE,DEAN,026645964,2,,N/A,Employed - Full Time,1,1,N/A,,,,,,,False
20911,3/23/2023 12:00:00 AM,,20925,Inactive,3/23/2023 10:41:15 AM,,221,2,Active - Part Time,Horizon Benefits Group,221,"WEBBER,DAVID",WEBBER,DAVID,023547081,2,,N/A,Employed - Full Time,1,1,N/A,,,,,,,False
20915,1/1/2022 12:00:00 AM,2/3/2025 12:00:00 AM,20929,Active,3/23/2023 10:41:18 AM,,221,1,Active - Full Time,Horizon Benefits Group,221,"WIGFALL,FRANCIS",WIGFALL,FRANCIS,018660413,1,,N/A,Employed - Full Time,1,1,N/A,,,,,,,False
22783,1/1/2022 12:00:00 AM,,22797,Active,3/23/2023 11:21:33 AM,,408,1,Active - Full Time,Columbia Corridor Association,408,"COLLIER,SHELLEY",COLLIER,SHELLEY,453804697,1,,N/A,Employed - Full Time,1,1,N/A,,,,,,,False
22787,1/1/2022 12:00:00 AM,,22801,Active,3/23/2023 11:21:39 AM,,408,1,Active - Full Time,Columbia Corridor Association,408,"KING,MARISSA",KING,MARISSA,542788539,1,,N/A,Employed - Full Time,1,1,N/A,,,,,,,False
26771,2/27/2024 12:00:00 AM,3/15/2024 12:00:00 AM,28478,Active,3/13/2024 1:44:22 PM,11/27/2023 12:00:00 AM,1270,1,Active - Full Time,McElroy Packaging Inc,1270,"Asher,Joshua",Asher,Joshua,241737962,1,,N/A,Terminated,9,1,N/A,,,,,,,False
26781,4/1/2023 12:00:00 AM,,28505,Active,3/19/2024 8:38:37 AM,,406,1,Active - Full Time,Summit Cardiology Partners,406,"Chapman,Sharnette",Chapman,Sharnette,,1,,N/A,Employed - Full Time,1,1,N/A,,,,,,,False
26784,3/20/2024 12:00:00 AM,2/20/2026 12:00:00 AM,28514,Active,3/20/2024 10:22:37 AM,,1264,1,Active - Full Time,Lakeside Creamery Co.,1264,"Abrams,Kristina",Abrams,Kristina,,1,,N/A,Terminated,9,1,N/A,,,,,,,False
26785,3/20/2024 12:00:00 AM,,28515,Active,3/20/2024 10:23:50 AM,,1264,1,Active - Full Time,Lakeside Creamery Co.,1264,"Beckett,Brody",Beckett,Brody,,1,,N/A,Employed - Full Time,1,1,N/A,,,,,,,False
26786,3/20/2024 12:00:00 AM,,28516,Active,3/20/2024 10:24:45 AM,,1264,1,Active - Full Time,Lakeside Creamery Co.,1264,"Dawson,Colton",Dawson,Colton,,1,,N/A,Employed - Full Time,1,1,N/A,,,,,,,False
26787,3/20/2024 12:00:00 AM,,28517,Active,3/20/2024 10:25:32 AM,,1264,1,Active - Full Time,Lakeside Creamery Co.,1264,"Dewitt,Benjamin",Dewitt,Benjamin,,1,,N/A,Employed - Full Time,1,1,N/A,,,,,,,False
26788,3/20/2024 12:00:00 AM,,28518,Active,3/20/2024 10:26:17 AM,,1264,1,Active - Full Time,Lakeside Creamery Co.,1264,"Masters,Cory",Masters,Cory,,1,,N/A,Employed - Full Time,1,1,N/A,,,,,,,False
26789,3/20/2024 12:00:00 AM,,28519,Active,3/20/2024 10:27:09 AM,,1264,1,Active - Full Time,Lakeside Creamery Co.,1264,"Morehouse,William",Morehouse,William,,1,,N/A,Employed - Full Time,1,1,N/A,,,,,,,False
26790,3/20/2024 12:00:00 AM,,28520,Active,3/20/2024 10:28:08 AM,,1264,1,Active - Full Time,Lakeside Creamery Co.,1264,"Patterson,Taylor",Patterson,Taylor,,1,,N/A,Employed - Full Time,1,1,N/A,,,,,,,False
26812,4/1/2024 12:00:00 AM,,28581,Active,4/1/2024 11:13:16 AM,,1264,1,Active - Full Time,Lakeside Creamery Co.,1264,"Kemp,Matthew",Kemp,Matthew,,1,,N/A,Employed - Full Time,1,1,N/A,,,,,,,False
26933,4/12/2022 12:00:00 AM,,28736,Inactive,4/12/2024 8:47:11 AM,,1102,2,Active - Part Time,Granite Advisory Services P.C.,1102,"TERRELL,AMY",TERRELL,AMY,,2,,N/A,Terminated,9,1,N/A,,,,,,,False
28331,2/1/2025 12:00:00 AM,,30646,Active,1/22/2025 9:54:15 AM,,221,1,Active - Full Time,Horizon Benefits Group,221,"FOURNIER,CAROL",FOURNIER,CAROL,,1,,N/A,Employed - Full Time,1,1,N/A,,,,,,,False
28399,11/1/2024 12:00:00 AM,1/15/2025 12:00:00 AM,30731,Inactive,2/3/2025 8:48:16 AM,,1102,2,Active - Part Time,Granite Advisory Services P.C.,1102,"Durham,Montavia",Durham,Montavia,,2,,N/A,Terminated,9,1,N/A,,,,,,,False
28407,10/30/2023 12:00:00 AM,2/4/2025 12:00:00 AM,30742,Active,2/4/2025 2:35:11 PM,7/30/2023 12:00:00 AM,1270,1,Active - Full Time,McElroy Packaging Inc,1270,"Boggs,Ken",Boggs,Ken,276829788,1,,N/A,Terminated,9,1,N/A,,,,,,,False
28413,2/6/2025 12:00:00 AM,,30753,Active,2/6/2025 4:09:32 PM,,221,1,Active - Full Time,Horizon Benefits Group,221,"HOANG,PHACH",HOANG,PHACH,,1,,N/A,Employed - Full Time,1,1,N/A,,,,,,,False
28414,2/6/2025 12:00:00 AM,,30754,Active,2/6/2025 4:10:23 PM,,221,1,Active - Full Time,Horizon Benefits Group,221,"SNYDER,JUDITH",SNYDER,JUDITH,,1,,N/A,Employed - Full Time,1,1,N/A,,,,,,,False
28415,2/6/2025 12:00:00 AM,,30755,Active,2/6/2025 4:11:11 PM,,221,1,Active - Full Time,Horizon Benefits Group,221,"SNYDER,JUSTIN",SNYDER,JUSTIN,,1,,N/A,Employed - Full Time,1,1,N/A,,,,,,,False
28416,2/6/2025 12:00:00 AM,,30756,Active,2/6/2025 4:12:12 PM,,221,1,Active - Full Time,Horizon Benefits Group,221,"SOUINI,SAL",SOUINI,SAL,,1,,N/A,Employed - Full Time,1,1,N/A,,,,,,,False
